,True,Pred,Std
2014-08-24,0.821655,0.83761686,0.08725916
2014-08-25,0.835162,0.8380535,0.088266335
2014-08-26,0.848669,0.84499305,0.08776724
2014-08-27,0.862176,0.8597415,0.08723041
2014-08-28,0.879709,0.86442107,0.08791319
2014-08-29,0.897242,0.8797814,0.08805841
2014-08-30,0.914775,0.8863714,0.08887026
2014-08-31,0.932308,0.89312446,0.08954398
2014-09-01,0.949841,0.9067201,0.09118082
2014-09-02,0.967374,0.9253837,0.09203948
2014-09-03,0.984907,0.9376548,0.093688324
2014-09-04,1.0103303,0.9688103,0.093083926
2014-09-05,1.0357536,0.99029535,0.09501915
2014-09-06,1.0611769,1.0055714,0.094628595
2014-09-07,1.0866002,1.0249411,0.093531206
2014-09-08,1.1120235,1.0241215,0.09413126
2014-09-09,1.1374468,1.0613314,0.09302904
2014-09-10,1.16287,1.0693539,0.09265652
2014-09-11,1.1720757,1.079675,0.0931566
2014-09-12,1.1812814,1.095612,0.093011715
2014-09-13,1.1904871,1.1038927,0.09385745
2014-09-14,1.1996928,1.1099391,0.0932769
2014-09-15,1.2088985,1.1421968,0.09333755
2014-09-16,1.2181042,1.1725173,0.09389489
2014-09-17,1.22731,1.2043171,0.09412677
2014-09-18,1.2244228,1.2355913,0.095281735
2014-09-19,1.2215357,1.2600554,0.09405339
2014-09-20,1.2186486,1.251442,0.09256611
2014-09-21,1.2157614,1.2547555,0.09342527
2014-09-22,1.2128743,1.2674948,0.093150906
2014-09-23,1.2099872,1.276991,0.092408456
2014-09-24,1.2071,1.2718338,0.09286146
2014-09-25,1.2006443,1.2663325,0.09398464
2014-09-26,1.1941886,1.2560793,0.09321043
2014-09-27,1.1877328,1.2591395,0.09494492
2014-09-28,1.1812772,1.2465203,0.09614334
2014-09-29,1.1748214,1.2524624,0.09679467
2014-09-30,1.1683657,1.2884308,0.096894644
2014-10-01,1.16191,1.2996721,0.09713193
2014-10-02,1.18293,1.305125,0.09585233
2014-10-03,1.20395,1.3277581,0.09566696
2014-10-04,1.22497,1.3036554,0.09723854
2014-10-05,1.24599,1.3298553,0.09590337
2014-10-06,1.26701,1.3706882,0.09735315
2014-10-07,1.28803,1.368329,0.09714501
2014-10-08,1.30905,1.3954341,0.09653214
2014-10-09,1.31786,1.4074098,0.0966464
2014-10-10,1.32667,1.397379,0.09654013
2014-10-11,1.33548,1.4128038,0.09440547
2014-10-12,1.34429,1.4376935,0.09344227
2014-10-13,1.3531,1.4607348,0.09162474
2014-10-14,1.36191,1.4838675,0.08982887
2014-10-15,1.37072,1.4828421,0.08996924
2014-10-16,1.3797214,1.4618616,0.08928666
2014-10-17,1.3887229,1.4752662,0.089098856
2014-10-18,1.3977243,1.4947897,0.08971066
2014-10-19,1.4067258,1.4826599,0.09160039
2014-10-20,1.4157271,1.4856648,0.0925448
2014-10-21,1.4247285,1.4990485,0.09062815
2014-10-22,1.43373,1.5254129,0.088319935
2014-10-23,1.4328985,1.5424277,0.08552545
2014-10-24,1.4320672,1.5066453,0.08571174
2014-10-25,1.4312357,1.5272182,0.085359305
2014-10-26,1.4304043,1.5401918,0.085131854
2014-10-27,1.4295728,1.5631671,0.08597578
2014-10-28,1.4287415,1.6100801,0.08557848
2014-10-29,1.42791,1.6352684,0.085161895
2014-10-30,1.4547871,1.666991,0.0840415
2014-10-31,1.4816643,1.7129036,0.083319545
2014-11-01,1.5085415,1.7312411,0.08451554
2014-11-02,1.5354186,1.7316083,0.085471645
2014-11-03,1.5622957,1.7605864,0.08579791
2014-11-04,1.5891728,1.8059751,0.08541684
2014-11-05,1.61605,1.8217306,0.08606475
2014-11-06,1.6222943,1.8708258,0.08563645
2014-11-07,1.6285386,1.8406763,0.08618409
2014-11-08,1.6347829,1.8779503,0.0848833
2014-11-09,1.6410271,1.9334726,0.08548537
2014-11-10,1.6472714,1.9072665,0.08883306
2014-11-11,1.6535157,1.88371,0.089929685
2014-11-12,1.65976,1.9126147,0.08960907
2014-11-13,1.7161642,1.8725498,0.09117001
2014-11-14,1.7725686,1.9027998,0.09042143
2014-11-15,1.8289728,1.9088101,0.09171163
2014-11-16,1.8853772,1.9409976,0.09223943
2014-11-17,1.9417814,1.9735967,0.092878334
2014-11-18,1.9981858,1.9607811,0.09462293
2014-11-19,2.05459,1.9597973,0.097268574
2014-11-20,2.1232786,1.9412581,0.09906238
2014-11-21,2.1919672,1.9980801,0.09956059
2014-11-22,2.2606556,1.9769806,0.098099686
2014-11-23,2.3293443,2.0097992,0.09927177
2014-11-24,2.398033,2.032034,0.102592714
2014-11-25,2.4667215,2.022073,0.10569102
2014-11-26,2.53541,2.0665889,0.105365016
2014-11-27,2.5364273,2.0517025,0.10800712
2014-11-28,2.5374444,2.050447,0.11212388
2014-11-29,2.5384614,2.0450797,0.11297122
2014-11-30,2.5394785,2.0678248,0.1128163
2014-12-01,2.5404956,2.064962,0.11973187
2014-12-02,2.541513,2.0891776,0.12196169
2014-12-03,2.54253,2.1226454,0.12212705
2014-12-04,2.6944015,2.142678,0.12614718
2014-12-05,2.846273,2.1901917,0.13231914
2014-12-06,2.9981444,2.2726681,0.14433938
2014-12-07,3.1500158,2.3592336,0.16119042
2014-12-08,3.301887,2.4903533,0.17292698
2014-12-09,3.4537585,2.5522938,0.1893957
2014-12-10,3.60563,2.6030023,0.19587305
2014-12-11,3.7919343,2.6138499,0.20315158
2014-12-12,3.9782386,2.642356,0.20487797
2014-12-13,4.1645427,2.612987,0.20019
2014-12-14,4.3508472,2.62887,0.19340076
2014-12-15,4.5371513,2.6161892,0.1960258
2014-12-16,4.723456,2.6534312,0.20204994
2014-12-17,4.90976,2.6934087,0.21411154
2014-12-18,5.0629673,2.711444,0.21952492
2014-12-19,5.216174,2.752142,0.22942099
2014-12-20,5.3693814,2.8245764,0.24404092
2014-12-21,5.5225887,2.8430877,0.2546443
2014-12-22,5.6757956,2.9080768,0.27440768
2014-12-23,5.829003,2.9291642,0.28162527
2014-12-24,5.98221,2.9180436,0.2803048
2014-12-25,5.9096384,2.9459307,0.28074536
2014-12-26,5.837067,3.0073097,0.29135755
2014-12-27,5.764496,3.006232,0.2974615
2014-12-28,5.691924,2.9843411,0.29558927
2014-12-29,5.619353,3.0058563,0.29221672
2014-12-30,5.5467815,3.031106,0.2963702
2014-12-31,5.47421,2.9645362,0.30343953
2015-01-01,5.2941427,2.9838083,0.3000641
2015-01-02,5.1140757,2.9250503,0.29928365
2015-01-03,4.9340086,2.9001453,0.29250512
2015-01-04,4.7539415,2.9438062,0.27888054
2015-01-05,4.5738745,2.9245257,0.2700439
2015-01-06,4.393807,2.9490223,0.2733218
2015-01-07,4.21374,2.9439893,0.25255963
2015-01-08,4.2132373,2.7938862,0.24277544
2015-01-09,4.212734,2.704655,0.22127792
2015-01-10,4.2122316,2.579629,0.20876652
2015-01-11,4.2117286,2.5226028,0.19747607
2015-01-12,4.2112255,2.5374234,0.19149841
2015-01-13,4.210723,2.5422432,0.18336523
2015-01-14,4.21022,2.5507927,0.17947505
2015-01-15,4.2172856,2.5874953,0.17186297
2015-01-16,4.2243514,2.5745058,0.16741502
2015-01-17,4.231417,2.5689178,0.16270001
2015-01-18,4.238483,2.6131485,0.16021931
2015-01-19,4.2455487,2.6075432,0.15747459
2015-01-20,4.2526145,2.6742387,0.15553129
2015-01-21,4.25968,2.7250068,0.15565793
2015-01-22,4.219384,2.6906571,0.1582596
2015-01-23,4.1790886,2.694122,0.15647323
2015-01-24,4.138793,2.7199204,0.15254408
2015-01-25,4.098497,2.750754,0.15030837
2015-01-26,4.0582013,2.7685375,0.15042949
2015-01-27,4.0179057,2.7320719,0.1555342
2015-01-28,3.97761,2.6732056,0.15686497
2015-01-29,3.9285843,2.6394417,0.15505917
2015-01-30,3.8795586,2.6303103,0.15334886
2015-01-31,3.8305328,2.558987,0.15587166
2015-02-01,3.7815073,2.5110757,0.15479179
2015-02-02,3.7324815,2.5493162,0.15035558
2015-02-03,3.6834557,2.5847287,0.14712813
2015-02-04,3.63443,2.5556824,0.15007082
2015-02-05,3.581693,2.5668066,0.15038873
2015-02-06,3.5289557,2.5564315,0.14905103
2015-02-07,3.4762185,2.5463269,0.14750491
2015-02-08,3.4234815,2.5058875,0.14829169
2015-02-09,3.3707442,2.4758983,0.14714909
2015-02-10,3.3180072,2.4489334,0.14383134
2015-02-11,3.26527,2.433374,0.1411419
2015-02-12,3.2174928,2.4444423,0.14144719
2015-02-13,3.1697156,2.4556794,0.14016601
2015-02-14,3.1219385,2.4197702,0.14050873
2015-02-15,3.0741615,2.4021738,0.13932766
2015-02-16,3.0263844,2.3520396,0.13861361
2015-02-17,2.9786072,2.3915522,0.13447456
2015-02-18,2.93083,2.375804,0.13256785
2015-02-19,2.8756742,2.327195,0.1322475
2015-02-20,2.8205185,2.283949,0.13032265
2015-02-21,2.7653627,2.2652946,0.12796505
2015-02-22,2.7102072,2.242501,0.12770297
2015-02-23,2.6550515,2.229218,0.12435905
2015-02-24,2.5998957,2.2129397,0.12579277
2015-02-25,2.54474,2.1917336,0.12455425
2015-02-26,2.534387,2.1527467,0.123707995
2015-02-27,2.5240343,2.105846,0.12184822
2015-02-28,2.5136814,2.0915911,0.11833215
2015-03-01,2.5033286,2.088636,0.11781486
2015-03-02,2.4929757,2.0842535,0.11635201
2015-03-03,2.4826229,2.0826406,0.1137766
2015-03-04,2.47227,2.0704734,0.11277607
2015-03-05,2.4557528,2.0973725,0.11205595
2015-03-06,2.4392357,2.1313086,0.113152005
2015-03-07,2.4227185,2.1743174,0.11292602
2015-03-08,2.4062014,2.2284384,0.1141053
2015-03-09,2.3896842,2.228045,0.11646985
2015-03-10,2.373167,2.2457106,0.11999332
2015-03-11,2.35665,2.3044136,0.12218432
2015-03-12,2.329997,2.333014,0.12630655
2015-03-13,2.3033442,2.3865194,0.13085227
2015-03-14,2.2766914,2.3931468,0.13616335
2015-03-15,2.2500386,2.3914127,0.14156117
2015-03-16,2.2233858,2.4260361,0.14579788
2015-03-17,2.1967328,2.4311166,0.1467533
2015-03-18,2.17008,2.412557,0.14860286
2015-03-19,2.1519215,2.3943083,0.14818127
2015-03-20,2.1337628,2.3811896,0.1475295
2015-03-21,2.1156044,2.347369,0.14434026
2015-03-22,2.0974457,2.3149111,0.1418527
2015-03-23,2.079287,2.306277,0.13676162
2015-03-24,2.0611286,2.2695026,0.13464932
2015-03-25,2.04297,2.19095,0.13483872
2015-03-26,2.03026,2.1644182,0.13265279
2015-03-27,2.01755,2.127209,0.13106632
2015-03-28,2.00484,2.0773613,0.12588973
2015-03-29,1.99213,2.0542746,0.12429146
2015-03-30,1.97942,2.0047677,0.12302605
2015-03-31,1.96671,1.9698769,0.12078164
2015-04-01,1.954,1.9387873,0.11682073
2015-04-02,1.9209814,1.9129175,0.114684634
2015-04-03,1.8879628,1.8909624,0.11144429
2015-04-04,1.8549442,1.8666726,0.110152885
2015-04-05,1.8219258,1.8339441,0.107261896
2015-04-06,1.7889072,1.7766593,0.10332157
2015-04-07,1.7558886,1.7291282,0.1026576
2015-04-08,1.72287,1.7202264,0.10050473
2015-04-09,1.6963086,1.6521237,0.098733075
2015-04-10,1.6697471,1.6141559,0.09794348
2015-04-11,1.6431857,1.5877353,0.097832836
2015-04-12,1.6166242,1.5550958,0.09773075
2015-04-13,1.5900629,1.5331893,0.09815415
2015-04-14,1.5635015,1.5348285,0.096001506
2015-04-15,1.53694,1.4838083,0.09623278
2015-04-16,1.5149243,1.473569,0.09530195
2015-04-17,1.4929086,1.4522856,0.094581485
2015-04-18,1.4708929,1.4568172,0.092742585
2015-04-19,1.4488771,1.424392,0.09341894
2015-04-20,1.4268614,1.4184852,0.09210329
2015-04-21,1.4048457,1.4147953,0.092558645
2015-04-22,1.38283,1.4367725,0.09145762
2015-04-23,1.3942329,1.4304138,0.09059251
2015-04-24,1.4056357,1.4393276,0.09076245
2015-04-25,1.4170386,1.4449118,0.09038348
2015-04-26,1.4284414,1.4330968,0.09071238
2015-04-27,1.4398443,1.4176189,0.09095665
2015-04-28,1.4512471,1.4214953,0.09175077
2015-04-29,1.46265,1.3979645,0.09264323
2015-04-30,1.4521772,1.4051938,0.09206822
2015-05-01,1.4417043,1.3930962,0.09254456
2015-05-02,1.4312314,1.3781104,0.09289888
2015-05-03,1.4207586,1.3537724,0.0931054
2015-05-04,1.4102857,1.342961,0.09171807
2015-05-05,1.3998128,1.3312224,0.09223612
2015-05-06,1.38934,1.3282083,0.09148131
2015-05-07,1.3832629,1.3215233,0.091270104
2015-05-08,1.3771857,1.3056375,0.090318024
2015-05-09,1.3711085,1.2815918,0.090930246
2015-05-10,1.3650315,1.2765976,0.091834985
2015-05-11,1.3589543,1.2638667,0.09127059
2015-05-12,1.3528771,1.2721292,0.09053558
2015-05-13,1.3468,1.255678,0.0909493
2015-05-14,1.3336171,1.247262,0.09174219
2015-05-15,1.3204343,1.2315395,0.09227233
2015-05-16,1.3072515,1.2190088,0.0917
2015-05-17,1.2940686,1.2258774,0.091108285
2015-05-18,1.2808857,1.2303333,0.090716496
2015-05-19,1.2677028,1.2273277,0.09095638
2015-05-20,1.25452,1.2153237,0.09199618
2015-05-21,1.2490686,1.2077788,0.092492916
2015-05-22,1.2436172,1.1989592,0.092241354
2015-05-23,1.2381657,1.2003922,0.092715524
2015-05-24,1.2327143,1.1752858,0.09420479
2015-05-25,1.2272629,1.1627347,0.093980476
2015-05-26,1.2218114,1.1564285,0.093219206
2015-05-27,1.21636,1.1494654,0.09324684
2015-05-28,1.2093571,1.1356847,0.09354303
2015-05-29,1.2023543,1.1234767,0.092993096
2015-05-30,1.1953515,1.1122154,0.092489
2015-05-31,1.1883485,1.1041043,0.0932691
2015-06-01,1.1813457,1.0899128,0.09317154
2015-06-02,1.1743429,1.0769699,0.09185105
2015-06-03,1.16734,1.061641,0.09251226
2015-06-04,1.1500828,1.0629328,0.091850884
2015-06-05,1.1328257,1.0554146,0.092115976
2015-06-06,1.1155685,1.0223219,0.09217488
2015-06-07,1.0983114,1.0117885,0.09005698
2015-06-08,1.0810543,1.0012723,0.09027893
2015-06-09,1.0637971,0.98494166,0.0914793
2015-06-10,1.04654,0.9822303,0.09158412
2015-06-11,1.031843,0.98267263,0.09199016
2015-06-12,1.017146,0.9698492,0.093078524
2015-06-13,1.002449,0.9787826,0.09329512
2015-06-14,0.987752,0.9987099,0.0939525
2015-06-15,0.973055,1.0063187,0.093489155
2015-06-16,0.958358,1.0084997,0.093124226
2015-06-17,0.943661,1.0119966,0.092916995
2015-06-18,0.94243026,1.0068085,0.09398189
2015-06-19,0.9411996,0.9983545,0.09374035
2015-06-20,0.9399689,0.99570465,0.093368426
2015-06-21,0.93873817,0.99273145,0.09450888
2015-06-22,0.93750745,0.980892,0.09517768
2015-06-23,0.93627673,0.9901847,0.09356659
2015-06-24,0.935046,0.98880965,0.09297908
2015-06-25,0.9350003,0.9795683,0.09239703
2015-06-26,0.9349546,0.9785608,0.09203014
2015-06-27,0.93490887,0.98279744,0.09209631
2015-06-28,0.93486315,0.97005534,0.0926881
2015-06-29,0.93481743,0.9731111,0.09212634
2015-06-30,0.9347717,0.9680854,0.091347575
2015-07-01,0.934726,0.9665908,0.08969018
2015-07-02,0.92463917,0.9472046,0.09105461
2015-07-03,0.9145523,0.9203259,0.091169626
2015-07-04,0.90446544,0.8978376,0.091949925
2015-07-05,0.89437854,0.86448187,0.093900606
2015-07-06,0.8842917,0.8693957,0.09334096
2015-07-07,0.8742049,0.8584654,0.09362837
2015-07-08,0.864118,0.86067224,0.09238702
2015-07-09,0.8558919,0.85326093,0.091920465
2015-07-10,0.8476657,0.853693,0.091958135
2015-07-11,0.8394396,0.8524563,0.09178584
2015-07-12,0.8312134,0.8323337,0.092236
2015-07-13,0.82298726,0.82092804,0.09261709
2015-07-14,0.81476116,0.8200186,0.09201477
2015-07-15,0.806535,0.8201665,0.092107356
2015-07-16,0.7974224,0.8288361,0.092037216
2015-07-17,0.7883099,0.8368933,0.09106174
2015-07-18,0.7791973,0.8275229,0.09147501
2015-07-19,0.77008474,0.83368653,0.08977701
2015-07-20,0.76097214,0.83969986,0.089234926
2015-07-21,0.75185955,0.83928,0.08888785
2015-07-22,0.742747,0.8326565,0.0897812
2015-07-23,0.74204874,0.8294449,0.090329096
2015-07-24,0.7413504,0.8242234,0.09049857
2015-07-25,0.74065214,0.8326466,0.08951982
2015-07-26,0.7399539,0.8155292,0.091519035
2015-07-27,0.73925555,0.79685074,0.09240677
2015-07-28,0.7385573,0.79148793,0.09299218
2015-07-29,0.737859,0.8017775,0.09240639
2015-07-30,0.7386254,0.8307203,0.09054835
2015-07-31,0.73939186,0.8285272,0.09125301
2015-08-01,0.74015826,0.83709824,0.09141484
2015-08-02,0.7409247,0.85365903,0.09037519
2015-08-03,0.7416912,0.85981065,0.09006903
2015-08-04,0.74245757,0.8566877,0.090390176
2015-08-05,0.743224,0.8569453,0.09030393
2015-08-06,0.752085,0.85034806,0.09081254
2015-08-07,0.760946,0.8453878,0.09038214
2015-08-08,0.769807,0.84744316,0.08971572
2015-08-09,0.778668,0.837864,0.090383455
2015-08-10,0.787529,0.8381136,0.090156324
2015-08-11,0.79639,0.84717727,0.089611374
2015-08-12,0.805251,0.8379031,0.09056278
2015-08-13,0.8069213,0.81506807,0.091482304
2015-08-14,0.80859154,0.81088656,0.09133419
2015-08-15,0.81026185,0.80957776,0.091329075
2015-08-16,0.81193215,0.7993882,0.09132093
2015-08-17,0.81360245,0.79957026,0.09136075
2015-08-18,0.8152727,0.7975303,0.09141578
2015-08-19,0.816943,0.7946861,0.091823086
2015-08-20,0.81659657,0.8006251,0.091630936
2015-08-21,0.81625015,0.8022692,0.091073506
2015-08-22,0.8159037,0.8012125,0.09069994
2015-08-23,0.8155573,0.7906408,0.09200021
2015-08-24,0.8152109,0.8188803,0.09523994
2015-08-25,0.81486446,0.8062193,0.09495592
2015-08-26,0.814518,0.81290877,0.095178284
2015-08-27,0.82111114,0.8063058,0.09457366
2015-08-28,0.8277043,0.7991116,0.0949644
2015-08-29,0.8342974,0.79232264,0.09541582
2015-08-30,0.8408906,0.77197856,0.0957282
2015-08-31,0.8474837,0.7447551,0.095520265
2015-09-01,0.85407686,0.7387025,0.09538297
2015-09-02,0.86067,0.75097924,0.09579162
2015-09-03,0.8643891,0.75792104,0.095672
2015-09-04,0.8681083,0.77625567,0.09633339
2015-09-05,0.8718274,0.7881513,0.096371144
2015-09-06,0.8755466,0.81151927,0.09508096
2015-09-07,0.8792657,0.8179125,0.09484647
2015-09-08,0.8829849,0.86479187,0.09365406
2015-09-09,0.886704,0.8613156,0.094043426
2015-09-10,0.9040963,0.8781709,0.09424391
2015-09-11,0.9214886,0.8958211,0.0938681
2015-09-12,0.93888086,0.88976693,0.09469134
2015-09-13,0.95627314,0.89014524,0.09418802
2015-09-14,0.9736654,0.8947651,0.09412531
2015-09-15,0.9910577,0.9143288,0.09411067
2015-09-16,1.00845,0.94199616,0.093315914
2015-09-17,1.0167072,0.98924905,0.09373715
2015-09-18,1.0249643,1.0517205,0.09446966
2015-09-19,1.0332215,1.0797511,0.09509263
2015-09-20,1.0414785,1.1217546,0.096567385
2015-09-21,1.0497357,1.1359327,0.09524813
2015-09-22,1.0579928,1.1506658,0.09587788
2015-09-23,1.06625,1.1559185,0.09413751
2015-09-24,1.06535,1.175562,0.09489136
2015-09-25,1.06445,1.1669003,0.09678379
2015-09-26,1.06355,1.222236,0.096990906
2015-09-27,1.06265,1.2216003,0.095469706
2015-09-28,1.06175,1.2839891,0.09716782
2015-09-29,1.06085,1.3213665,0.10066534
2015-09-30,1.05995,1.3128253,0.10257856
2015-10-01,1.0836128,1.3594257,0.10551982
2015-10-02,1.1072757,1.3890281,0.10629063
2015-10-03,1.1309385,1.3556906,0.10829845
2015-10-04,1.1546015,1.3551427,0.1077241
2015-10-05,1.1782643,1.3314382,0.11049027
2015-10-06,1.2019272,1.3214967,0.10659258
2015-10-07,1.22559,1.3457768,0.106501155
2015-10-08,1.2377429,1.3735476,0.104466245
2015-10-09,1.2498957,1.3821974,0.102204524
2015-10-10,1.2620486,1.3859282,0.10070232
2015-10-11,1.2742014,1.4579016,0.101043805
2015-10-12,1.2863543,1.5059166,0.10740348
2015-10-13,1.2985071,1.5389148,0.11027443
2015-10-14,1.31066,1.5162671,0.109295234
2015-10-15,1.3192943,1.459615,0.10808866
2015-10-16,1.3279285,1.4533625,0.1061544
2015-10-17,1.3365629,1.4633522,0.10723231
2015-10-18,1.3451972,1.4724689,0.10553171
2015-10-19,1.3538314,1.3691646,0.10730303
2015-10-20,1.3624657,1.2930359,0.10371832
2015-10-21,1.3711,1.2229285,0.102608226
2015-10-22,1.3740443,1.19158,0.10550982
2015-10-23,1.3769885,1.1428096,0.104614936
2015-10-24,1.3799329,1.1262875,0.10417778
2015-10-25,1.3828771,1.1427802,0.10278908
2015-10-26,1.3858215,1.1736338,0.10463832
2015-10-27,1.3887657,1.2043693,0.10909543
2015-10-28,1.39171,1.2493846,0.106038846
2015-10-29,1.3981972,1.2695922,0.10661667
2015-10-30,1.4046843,1.3013146,0.10473921
2015-10-31,1.4111714,1.3531294,0.10598835
2015-11-01,1.4176586,1.3804369,0.10847119
2015-11-02,1.4241457,1.4199959,0.10921292
2015-11-03,1.4306328,1.4605352,0.107622154
2015-11-04,1.43712,1.4942861,0.11100207
2015-11-05,1.4463385,1.5658487,0.11050441
2015-11-06,1.4555571,1.59629,0.10976844
2015-11-07,1.4647757,1.5930961,0.11336786
2015-11-08,1.4739943,1.6788486,0.10947286
2015-11-09,1.4832128,1.7046967,0.118632235
2015-11-10,1.4924314,1.7117608,0.116540484
2015-11-11,1.50165,1.7032759,0.11762791
2015-11-12,1.5154214,1.7557003,0.116340645
2015-11-13,1.5291928,1.7535601,0.114350036
2015-11-14,1.5429643,1.7192035,0.11331614
2015-11-15,1.5567358,1.7307473,0.1113697
2015-11-16,1.5705072,1.7736849,0.11297504
2015-11-17,1.5842786,1.7616426,0.11512302
2015-11-18,1.59805,1.747337,0.11129454
2015-11-19,1.6407114,1.7689464,0.10915675
2015-11-20,1.6833729,1.7654424,0.11243991
2015-11-21,1.7260343,1.8658711,0.114819735
2015-11-22,1.7686957,1.9125524,0.12174518
2015-11-23,1.8113571,1.9027923,0.12915032
2015-11-24,1.8540186,1.9108765,0.13100842
2015-11-25,1.89668,1.887522,0.12847623
2015-11-26,1.8653371,1.8853499,0.12838231
2015-11-27,1.8339943,1.9280292,0.12936047
2015-11-28,1.8026514,1.9416606,0.118681855
2015-11-29,1.7713085,2.0108528,0.11805978
2015-11-30,1.7399657,2.0105958,0.1264042
2015-12-01,1.7086228,2.045569,0.12769967
2015-12-02,1.67728,2.0410495,0.12918577
2015-12-03,1.6923771,2.0156977,0.120919324
2015-12-04,1.7074742,2.0081306,0.11967691
2015-12-05,1.7225714,2.0236611,0.12046574
2015-12-06,1.7376685,2.0622823,0.12315449
2015-12-07,1.7527657,2.1847994,0.13003425
2015-12-08,1.7678629,2.2586606,0.13424736
2015-12-09,1.78296,2.2651534,0.13664225
2015-12-10,1.7958742,2.1835968,0.13632648
2015-12-11,1.8087885,2.1604474,0.12978709
2015-12-12,1.8217028,2.1888726,0.13484325
2015-12-13,1.8346171,2.283455,0.14459328
2015-12-14,1.8475314,2.3777952,0.14824751
2015-12-15,1.8604457,2.4527314,0.15748964
2015-12-16,1.87336,2.5181198,0.16470478
2015-12-17,1.9373771,2.593436,0.17919628
2015-12-18,2.0013943,2.6973066,0.19118537
2015-12-19,2.0654113,2.7169487,0.20562676
2015-12-20,2.1294286,2.716172,0.20862116
2015-12-21,2.1934457,2.7248003,0.22231524
2015-12-22,2.2574627,2.6413758,0.21087754
2015-12-23,2.32148,2.5444903,0.18748526
2015-12-24,2.334113,2.4534316,0.16843519
2015-12-25,2.3467457,2.409514,0.16211173
2015-12-26,2.3593786,2.3717475,0.15615816
2015-12-27,2.3720114,2.3763838,0.15634489
2015-12-28,2.3846443,2.4032202,0.1579419
2015-12-29,2.397277,2.3770013,0.1531739
2015-12-30,2.40991,2.3367682,0.15312967
2015-12-31,2.3432486,2.304776,0.14613435
2016-01-01,2.2765872,2.340622,0.14338303
2016-01-02,2.2099257,2.3517494,0.13161474
2016-01-03,2.1432643,2.3511717,0.13570353
2016-01-04,2.076603,2.3991125,0.13401054
2016-01-05,2.0099413,2.45131,0.13252647
2016-01-06,1.94328,2.551764,0.13258441
2016-01-07,1.9510914,2.5460842,0.13556105
2016-01-08,1.9589028,2.5703368,0.13849922
2016-01-09,1.9667143,2.5944626,0.14388178
2016-01-10,1.9745257,2.547949,0.14427762
2016-01-11,1.9823371,2.5382457,0.14481956
2016-01-12,1.9901485,2.5432262,0.14295486
2016-01-13,1.99796,2.5779574,0.14529124
2016-01-14,2.01515,2.671579,0.16308087
2016-01-15,2.03234,2.7217858,0.17612207
2016-01-16,2.04953,2.8462927,0.20233145
2016-01-17,2.06672,3.005518,0.229848
2016-01-18,2.08391,3.0485694,0.23963557
2016-01-19,2.1011,3.0443926,0.25269523
2016-01-20,2.11829,2.9835517,0.24652211
2016-01-21,2.1372657,2.889945,0.24243775
2016-01-22,2.1562414,2.8975646,0.23508097
2016-01-23,2.1752172,2.861057,0.2475057
2016-01-24,2.194193,2.82717,0.24058048
2016-01-25,2.2131686,2.8198242,0.24094881
2016-01-26,2.2321444,2.7958403,0.235751
2016-01-27,2.25112,2.8106086,0.24175262
2016-01-28,2.2682686,2.801434,0.25392285
2016-01-29,2.285417,2.7606077,0.24509352
2016-01-30,2.3025658,2.6536906,0.21997863
2016-01-31,2.3197143,2.5947099,0.21036084
2016-02-01,2.3368628,2.5061152,0.20371851
2016-02-02,2.3540115,2.4702477,0.19559209
2016-02-03,2.37116,2.4221113,0.19427378
2016-02-04,2.432473,2.3712177,0.18371491
2016-02-05,2.4937856,2.3624423,0.17856447
2016-02-06,2.5550985,2.443606,0.196515
2016-02-07,2.6164114,2.596222,0.21905917
2016-02-08,2.6777244,2.651013,0.23685957
2016-02-09,2.739037,2.6204114,0.21452339
2016-02-10,2.80035,2.6203995,0.19898957
2016-02-11,2.8524072,2.6061237,0.19663858
2016-02-12,2.9044642,2.5592191,0.18923113
2016-02-13,2.9565215,2.4735687,0.17899732
2016-02-14,3.0085785,2.4660323,0.18366468
2016-02-15,3.0606358,2.494091,0.18387449
2016-02-16,3.1126928,2.43488,0.18233493
2016-02-17,3.16475,2.4313948,0.18423934
2016-02-18,3.1629043,2.4247735,0.18695785
2016-02-19,3.1610587,2.434497,0.18777576
2016-02-20,3.1592128,2.4513972,0.18865283
2016-02-21,3.1573672,2.3770988,0.1807988
2016-02-22,3.1555214,2.3453023,0.17787655
2016-02-23,3.1536758,2.3444092,0.17996044
2016-02-24,3.15183,2.3315835,0.18287954
2016-02-25,3.1775827,2.3065119,0.18516722
2016-02-26,3.2033358,2.2944038,0.18738556
2016-02-27,3.2290885,2.3064618,0.19548483
2016-02-28,3.2548413,2.2644303,0.19069557
2016-02-29,3.2805943,2.2586484,0.18848003
2016-03-01,3.3063471,2.3055832,0.20683101
2016-03-02,3.3321,2.2798133,0.22416037
2016-03-03,3.3646915,2.173358,0.21093112
2016-03-04,3.3972828,2.1041677,0.19820105
2016-03-05,3.4298742,2.0194929,0.18315576
2016-03-06,3.4624658,1.9753773,0.17572513
2016-03-07,3.495057,2.0461347,0.17823815
2016-03-08,3.5276487,2.1318326,0.18428208
2016-03-09,3.56024,2.2489417,0.2010065
2016-03-10,3.4880328,2.3665867,0.22002801
2016-03-11,3.4158256,2.448799,0.23798482
2016-03-12,3.3436186,2.4603236,0.23817527
2016-03-13,3.2714114,2.369738,0.21740034
2016-03-14,3.1992042,2.3560069,0.21232969
2016-03-15,3.1269972,2.3580985,0.20588423
2016-03-16,3.05479,2.3899548,0.20362125
2016-03-17,3.013723,2.4735968,0.21517508
2016-03-18,2.9726558,2.5216162,0.22767816
2016-03-19,2.9315886,2.5236645,0.22434452
2016-03-20,2.8905215,2.5265598,0.23030856
2016-03-21,2.8494544,2.5099256,0.23821428
2016-03-22,2.808387,2.520912,0.24526317
2016-03-23,2.76732,2.4628148,0.24611807
2016-03-24,2.72079,2.4034624,0.23109362
2016-03-25,2.67426,2.354975,0.22485468
2016-03-26,2.62773,2.2980306,0.2178585
2016-03-27,2.5812,2.3001204,0.22060631
2016-03-28,2.53467,2.245086,0.20997992
2016-03-29,2.48814,2.2315528,0.20739959
2016-03-30,2.44161,2.2303164,0.2032175
2016-03-31,2.3833058,2.2027335,0.20054574
2016-04-01,2.3250015,2.1492999,0.19760956
2016-04-02,2.2666972,2.0551403,0.18330838
2016-04-03,2.2083929,1.9586208,0.16993234
2016-04-04,2.1500885,1.8781685,0.15687041
2016-04-05,2.0917842,1.8342366,0.14738077
2016-04-06,2.03348,1.8171751,0.1443603
2016-04-07,2.0266871,1.7846736,0.14015058
2016-04-08,2.0198944,1.7934165,0.13210487
2016-04-09,2.0131013,1.8168088,0.13485996
2016-04-10,2.0063086,1.8033583,0.1353053
2016-04-11,1.9995158,1.8264935,0.13797686
2016-04-12,1.9927229,1.8433937,0.1399804
2016-04-13,1.98593,1.8420174,0.1424908
2016-04-14,1.9758171,1.8053899,0.14037997
2016-04-15,1.9657043,1.7673309,0.1443894
2016-04-16,1.9555914,1.706908,0.13514069
2016-04-17,1.9454786,1.6822667,0.12819967
2016-04-18,1.9353657,1.6713555,0.1256663
2016-04-19,1.9252529,1.6683433,0.12631032
2016-04-20,1.91514,1.6418202,0.12482574
2016-04-21,1.88436,1.6206642,0.12376929
2016-04-22,1.85358,1.5908545,0.12117248
2016-04-23,1.8228,1.605612,0.12138501
2016-04-24,1.79202,1.6061832,0.122880764
2016-04-25,1.76124,1.5930907,0.12076457
2016-04-26,1.73046,1.5854894,0.12206381
2016-04-27,1.69968,1.5962172,0.12440813
2016-04-28,1.6820614,1.6022557,0.12280021
2016-04-29,1.6644429,1.6240889,0.122298874
2016-04-30,1.6468242,1.6356514,0.12677221
2016-05-01,1.6292057,1.6651291,0.13091536
2016-05-02,1.6115872,1.6523216,0.12978369
2016-05-03,1.5939686,1.6768569,0.12941164
2016-05-04,1.57635,1.6702663,0.1265365
2016-05-05,1.5502286,1.6855388,0.13169354
2016-05-06,1.5241071,1.7092521,0.13142325
2016-05-07,1.4979857,1.7043059,0.13219269
2016-05-08,1.4718643,1.6325299,0.13302146
2016-05-09,1.4457428,1.6540778,0.12999669
2016-05-10,1.4196215,1.6452065,0.12806652
2016-05-11,1.3935,1.6116128,0.12509973
2016-05-12,1.3800585,1.5731796,0.119342804
2016-05-13,1.3666171,1.5612096,0.11641921
2016-05-14,1.3531758,1.5111166,0.11430002
2016-05-15,1.3397343,1.5324297,0.11482838
2016-05-16,1.3262929,1.51409,0.114255086
2016-05-17,1.3128514,1.5240446,0.11405326
2016-05-18,1.29941,1.493947,0.11181309
2016-05-19,1.2828928,1.5031838,0.11034277
2016-05-20,1.2663757,1.4986734,0.110903814
2016-05-21,1.2498586,1.4937271,0.11258149
2016-05-22,1.2333415,1.446939,0.11241223
2016-05-23,1.2168243,1.4166951,0.113113984
2016-05-24,1.2003071,1.3970802,0.11179967
2016-05-25,1.18379,1.3831822,0.11284158
2016-05-26,1.1771386,1.4041172,0.11290263
2016-05-27,1.1704872,1.3998641,0.11355718
2016-05-28,1.1638358,1.3928813,0.11030106
2016-05-29,1.1571842,1.3777808,0.11196656
2016-05-30,1.1505328,1.4114156,0.11512896
2016-05-31,1.1438814,1.4158291,0.116782546
2016-06-01,1.13723,1.4211643,0.1174927
2016-06-02,1.1235086,1.382923,0.11409764
2016-06-03,1.1097871,1.3523844,0.110737525
2016-06-04,1.0960658,1.3602616,0.11027844
2016-06-05,1.0823443,1.3710555,0.1107402
2016-06-06,1.0686228,1.3779495,0.11095265
2016-06-07,1.0549015,1.3526092,0.1102208
2016-06-08,1.04118,1.3169931,0.106493175
2016-06-09,1.0312706,1.3209126,0.10718031
2016-06-10,1.0213611,1.3338873,0.1077819
2016-06-11,1.0114517,1.3469348,0.10799625
2016-06-12,1.0015423,1.3152156,0.10497771
2016-06-13,0.9916329,1.2842396,0.10356649
2016-06-14,0.9817234,1.2850375,0.10260743
2016-06-15,0.971814,1.2933338,0.10263653
2016-06-16,0.95631284,1.2844194,0.10214302
2016-06-17,0.9408117,1.257505,0.100523144
2016-06-18,0.92531055,1.223827,0.100642264
2016-06-19,0.9098094,1.1799965,0.10269948
2016-06-20,0.89430827,1.137187,0.10119184
2016-06-21,0.8788071,1.0946765,0.10085387
2016-06-22,0.863306,1.0469537,0.0991852
2016-06-23,0.85909045,1.0412838,0.09795629
2016-06-24,0.85487485,0.9966491,0.09774976
2016-06-25,0.8506593,0.9783854,0.09775092
2016-06-26,0.8464437,0.97126913,0.09690263
2016-06-27,0.8422281,0.9666775,0.09678468
2016-06-28,0.8380126,0.9662321,0.09701404
2016-06-29,0.833797,0.96923256,0.09718187
2016-06-30,0.82675683,0.9764676,0.097298555
2016-07-01,0.8197167,0.97236174,0.0975493
2016-07-02,0.81267655,0.94794965,0.09648249
2016-07-03,0.8056364,0.9471066,0.0970042
2016-07-04,0.79859626,0.95457596,0.09751856
2016-07-05,0.7915561,0.9696362,0.097729065
2016-07-06,0.784516,0.9568975,0.09822624
2016-07-07,0.77734613,0.9384954,0.098515354
2016-07-08,0.7701763,0.9363991,0.09797248
2016-07-09,0.76300645,0.9566694,0.09840845
2016-07-10,0.75583655,0.94914377,0.09804593
2016-07-11,0.7486667,0.9538964,0.0973242
2016-07-12,0.74149686,0.9634848,0.09796679
2016-07-13,0.734327,0.96246564,0.09672628
2016-07-14,0.7292581,0.9617997,0.09727758
2016-07-15,0.7241893,0.9832364,0.0962494
2016-07-16,0.71912044,0.9806522,0.09773741
2016-07-17,0.71405154,0.9796895,0.097567104
2016-07-18,0.7089827,0.98560315,0.09851703
2016-07-19,0.70391387,0.9921145,0.09813893
2016-07-20,0.698845,0.97720253,0.09867285
2016-07-21,0.70230985,0.9687675,0.09910509
2016-07-22,0.7057747,0.94620466,0.100543596
2016-07-23,0.70923954,0.9145489,0.10035418
2016-07-24,0.7127044,0.88256353,0.09896348
2016-07-25,0.7161693,0.86897606,0.098028
2016-07-26,0.7196341,0.85279256,0.09798441
2016-07-27,0.723099,0.8448536,0.09927981
2016-07-28,0.714585,0.8405047,0.09940114
2016-07-29,0.706071,0.8479658,0.100008726
2016-07-30,0.697557,0.8450042,0.0984578
2016-07-31,0.689043,0.8510711,0.09985492
2016-08-01,0.680529,0.87678874,0.09929512
2016-08-02,0.672015,0.8820038,0.09910924
2016-08-03,0.663501,0.8457373,0.09868345
2016-08-04,0.66768086,0.82638556,0.09786662
2016-08-05,0.6718607,0.79507416,0.09796589
2016-08-06,0.6760406,0.78717124,0.09772814
2016-08-07,0.6802204,0.76801735,0.096942775
2016-08-08,0.68440026,0.7451113,0.097198814
2016-08-09,0.68858016,0.722977,0.09672026
2016-08-10,0.69276,0.7138994,0.09662073
2016-08-11,0.695227,0.7035707,0.09622616
2016-08-12,0.697694,0.7185358,0.09661305
2016-08-13,0.700161,0.726691,0.095922485
2016-08-14,0.702628,0.7454028,0.095033504
2016-08-15,0.705095,0.75072515,0.09551073
2016-08-16,0.707562,0.7582791,0.09549249
2016-08-17,0.710029,0.7741581,0.09585245
2016-08-18,0.7277723,0.76355857,0.095738284
2016-08-19,0.7455156,0.7562558,0.09484616
2016-08-20,0.7632589,0.752007,0.0944676
2016-08-21,0.78100216,0.7400629,0.09380013
2016-08-22,0.79874545,0.73456025,0.09305917
2016-08-23,0.81648874,0.72235245,0.09249854
2016-08-24,0.834232,0.75197303,0.13837913
2016-08-25,0.856859,0.7552518,0.13872856
2016-08-26,0.879486,0.7590548,0.13932753
2016-08-27,0.902113,0.73678255,0.13644248
2016-08-28,0.92474,0.75169474,0.13830213
2016-08-29,0.947367,0.7890065,0.14261423
2016-08-30,0.969994,0.79491204,0.14358902
2016-08-31,0.992621,0.78054327,0.14190106
2016-09-01,0.995968,0.76537687,0.14042464
2016-09-02,0.999315,0.7535307,0.1389282
2016-09-03,1.002662,0.7717188,0.14116819
2016-09-04,1.006009,0.76206297,0.14007583
2016-09-05,1.009356,0.7790277,0.14230818
2016-09-06,1.012703,0.76186204,0.14016125
2016-09-07,1.01605,0.7983114,0.14495035
2016-09-08,1.0239986,0.75806653,0.13998781
2016-09-09,1.0319471,0.7989286,0.14517227
2016-09-10,1.0398958,0.7607891,0.1403328
2016-09-11,1.0478443,0.8015377,0.14574349
2016-09-12,1.0557928,0.7647924,0.14087877
2016-09-13,1.0637414,0.8361389,0.1501964
2016-09-14,1.07169,0.78598624,0.14364845
2016-09-15,1.0759672,0.8327828,0.15009642
2016-09-16,1.0802443,0.8141344,0.14746174
2016-09-17,1.0845214,0.88312745,0.15669848
2016-09-18,1.0887985,0.83301187,0.14981577
2016-09-19,1.0930758,0.9176082,0.16119352
2016-09-20,1.0973529,0.89975655,0.15840112
2016-09-21,1.10163,0.9775657,0.16976696
2016-09-22,1.1140271,0.9341172,0.16339679
2016-09-23,1.1264243,1.0091249,0.17444566
2016-09-24,1.1388215,0.9459136,0.16511561
2016-09-25,1.1512185,1.0005945,0.1730242
2016-09-26,1.1636157,0.9457084,0.1649339
2016-09-27,1.1760129,1.0161433,0.17496116
2016-09-28,1.18841,1.0054706,0.17332482
2016-09-29,1.1903372,1.0714374,0.18341379
2016-09-30,1.1922643,1.0541921,0.18042925
2016-10-01,1.1941915,1.0285627,0.17582515
2016-10-02,1.1961186,1.050535,0.1798403
2016-10-03,1.1980457,1.0363877,0.17666453
2016-10-04,1.1999729,1.0965792,0.18739405
2016-10-05,1.2019,0.9827605,0.16856754
2016-10-06,1.2060685,1.0314908,0.17663054
2016-10-07,1.2102371,1.0058941,0.17169794
2016-10-08,1.2144057,1.0932627,0.18607028
2016-10-09,1.2185743,1.0497342,0.17870808
2016-10-10,1.2227429,1.0930731,0.18633838
2016-10-11,1.2269114,1.0606694,0.18048382
2016-10-12,1.23108,1.1452296,0.19480878
2016-10-13,1.2363486,1.0761836,0.18255882
2016-10-14,1.2416171,1.1903334,0.20201416
2016-10-15,1.2468857,1.1386362,0.1917896
2016-10-16,1.2521542,1.2292616,0.20801142
2016-10-17,1.2574228,1.2178843,0.20494488
2016-10-18,1.2626914,1.2450569,0.21018764
2016-10-19,1.26796,1.2527285,0.21181321
2016-10-20,1.2815343,1.3246161,0.22610816
2016-10-21,1.2951086,1.2976078,0.22011511
2016-10-22,1.3086828,1.3619514,0.23280178
2016-10-23,1.3222572,1.3539574,0.23053361
2016-10-24,1.3358314,1.3777413,0.23517014
2016-10-25,1.3494058,1.369054,0.23359151
2016-10-26,1.36298,1.4417464,0.24944034
2016-10-27,1.3804615,1.4623638,0.2544569
2016-10-28,1.3979429,1.5002826,0.26207414
2016-10-29,1.4154242,1.4657384,0.25327697
2016-10-30,1.4329057,1.3972859,0.2366059
2016-10-31,1.4503871,1.4514791,0.24871185
2016-11-01,1.4678686,1.3913242,0.2347407
2016-11-02,1.48535,1.3449479,0.22529162
2016-11-03,1.4959486,1.319609,0.21992788
2016-11-04,1.5065471,1.3599105,0.22839165
2016-11-05,1.5171458,1.3650556,0.22817117
2016-11-06,1.5277443,1.450429,0.24650484
2016-11-07,1.5383428,1.3293715,0.21975403
2016-11-08,1.5489414,1.4194233,0.23827972
2016-11-09,1.55954,1.4113675,0.23729642
2016-11-10,1.5721529,1.5064805,0.25926155
2016-11-11,1.5847657,1.4727875,0.25171524
2016-11-12,1.5973786,1.4914,0.2546418
2016-11-13,1.6099914,1.5260218,0.2625466
2016-11-14,1.6226043,1.4566656,0.24518782
2016-11-15,1.6352172,1.5274003,0.262877
2016-11-16,1.64783,1.4742227,0.2500454
2016-11-17,1.6856757,1.5396948,0.26694363
2016-11-18,1.7235215,1.4547795,0.2461298
2016-11-19,1.7613672,1.5397795,0.26637274
2016-11-20,1.7992128,1.4066248,0.23464996
2016-11-21,1.8370585,1.475491,0.25056157
2016-11-22,1.8749043,1.3926218,0.23221293
2016-11-23,1.91275,1.5269041,0.26385593
2016-11-24,1.8991071,1.4865558,0.2541196
2016-11-25,1.8854643,1.6618629,0.2989546
2016-11-26,1.8718214,1.4939296,0.25488952
2016-11-27,1.8581786,1.5277328,0.2620359
2016-11-28,1.8445357,1.576161,0.27428302
2016-11-29,1.8308928,1.6817398,0.30265287
2016-11-30,1.81725,1.5661283,0.2724578
2016-12-01,1.8311186,1.6668427,0.29947004
2016-12-02,1.8449872,1.7116057,0.31271094
2016-12-03,1.8588557,1.696393,0.30800956
2016-12-04,1.8727243,1.7662758,0.32788453
2016-12-05,1.8865929,1.7191118,0.31426078
2016-12-06,1.9004614,1.7737046,0.33071643
2016-12-07,1.91433,1.6875345,0.3066659
2016-12-08,1.9565729,1.6875937,0.30713695
2016-12-09,1.9988157,1.7878921,0.33742782
2016-12-10,2.0410585,1.6626683,0.3014826
2016-12-11,2.0833015,1.598464,0.28534096
2016-12-12,2.1255443,1.5380229,0.27038097
2016-12-13,2.167787,1.621,0.292443
2016-12-14,2.21003,1.6698307,0.30566424
2016-12-15,2.2851229,1.7183985,0.31969172
2016-12-16,2.3602157,1.7064785,0.31469917
2016-12-17,2.4353085,1.7048786,0.3142355
2016-12-18,2.5104015,1.7877086,0.3378904
2016-12-19,2.5854943,1.8077149,0.3446875
2016-12-20,2.660587,1.8922701,0.3732162
2016-12-21,2.73568,2.1243594,0.44588178
2016-12-22,2.8260572,1.953461,0.39606628
2016-12-23,2.9164343,2.151422,0.45345685
2016-12-24,3.0068114,2.2245166,0.4745234
2016-12-25,3.0971885,2.3055956,0.4990358
2016-12-26,3.1875658,2.3173003,0.5027327
2016-12-27,3.277943,2.3765593,0.52162355
2016-12-28,3.36832,2.2840235,0.49253878
2016-12-29,3.3295443,2.328124,0.5061972
2016-12-30,3.2907686,2.1789286,0.4611763
2016-12-31,3.251993,2.2759442,0.4899198
2017-01-01,3.2132173,2.1994805,0.46720302
2017-01-02,3.1744413,2.5089996,0.56611013
2017-01-03,3.1356657,2.4804957,0.5563405
2017-01-04,3.09689,2.4854195,0.5580829
2017-01-05,3.0935428,2.356553,0.5152844
2017-01-06,3.0901957,2.2686129,0.4878387
2017-01-07,3.0868485,2.4054003,0.5310623
2017-01-08,3.0835013,2.3396132,0.50981116
2017-01-09,3.0801542,2.4458952,0.54456055
2017-01-10,3.0768073,2.375275,0.5212338
2017-01-11,3.07346,2.6661923,0.6238366
2017-01-12,3.1367414,2.7361906,0.6511485
2017-01-13,3.200023,2.9475722,0.7406479
2017-01-14,3.2633042,3.0358896,0.78129166
2017-01-15,3.3265858,3.3101919,0.92097265
2017-01-16,3.389867,3.2500582,0.88873494
2017-01-17,3.4531486,3.4798398,1.0188426
2017-01-18,3.51643,3.3197565,0.9265292
2017-01-19,3.5573256,3.3140736,0.9233443
2017-01-20,3.5982215,3.4574323,1.0050837
2017-01-21,3.6391172,3.3326004,0.9335592
2017-01-22,3.680013,3.5712566,1.0817827
2017-01-23,3.7209086,3.5337696,1.0567765
2017-01-24,3.7618043,3.547138,1.0655366
2017-01-25,3.8027,3.5900168,1.0962429
2017-01-26,3.9027615,3.6467342,1.1371875
2017-01-27,4.002823,3.6253817,1.1227349
2017-01-28,4.1028843,3.6640425,1.1533021
2017-01-29,4.2029457,3.6306353,1.1315566
2017-01-30,4.303007,3.4929519,1.0371876
2017-01-31,4.4030685,3.2229965,0.87324387
2017-02-01,4.50313,3.0380664,0.78117216
2017-02-02,4.5831227,3.2439332,0.88414294
2017-02-03,4.6631155,3.4271708,0.99612033
2017-02-04,4.7431087,3.522652,1.0605018
2017-02-05,4.8231015,3.5348673,1.0704936
2017-02-06,4.9030943,3.5772676,1.101263
2017-02-07,4.983087,3.5554132,1.0867904
2017-02-08,5.06308,3.4075434,0.98722446
2017-02-09,5.0340815,3.2108507,0.8677795
2017-02-10,5.005083,3.0940824,0.80771035
2017-02-11,4.976084,2.8835177,0.7108915
2017-02-12,4.947086,2.757516,0.6581749
2017-02-13,4.918087,2.9360142,0.733916
2017-02-14,4.8890886,2.8982093,0.71721274
2017-02-15,4.86009,3.3185208,0.93183714
2017-02-16,4.8199573,3.4308348,1.0031121
2017-02-17,4.7798243,3.5320885,1.0719846
2017-02-18,4.7396913,3.4657745,1.0262333
2017-02-19,4.6995587,3.3470483,0.9487323
2017-02-20,4.6594257,3.265322,0.8992513
2017-02-21,4.6192927,3.0801656,0.800992
2017-02-22,4.57916,2.689776,0.6314331
2017-02-23,4.4331,2.5245562,0.57035416
2017-02-24,4.28704,2.234607,0.47081965
2017-02-25,4.14098,2.233058,0.47187144
2017-02-26,3.99492,2.1147704,0.4226323
2017-02-27,3.84886,2.1450133,0.4368802
2017-02-28,3.7028,2.1935463,0.4564383
2017-03-01,3.55674,2.3009877,0.4965898
2017-03-02,3.54923,2.2935138,0.49427646
2017-03-03,3.54172,2.3441465,0.5100772
2017-03-04,3.53421,2.2390528,0.47405592
2017-03-05,3.5267,2.3201852,0.50239134
2017-03-06,3.51919,2.221884,0.46166337
2017-03-07,3.51168,2.3993435,0.5275854
2017-03-08,3.50417,2.3510816,0.5119746
2017-03-09,3.4628756,2.4180796,0.5335897
2017-03-10,3.4215815,2.3632104,0.5148306
2017-03-11,3.3802872,2.3450255,0.50146335
2017-03-12,3.3389928,2.3801315,0.5141764
2017-03-13,3.2976985,2.3242996,0.48494563
2017-03-14,3.2564044,2.3631127,0.5004269
2017-03-15,3.21511,2.3472626,0.49167573
2017-03-16,3.1987915,2.2983124,0.46844473
2017-03-17,3.182473,2.2613964,0.4515583
2017-03-18,3.1661544,2.185598,0.41852653
2017-03-19,3.1498358,2.1220002,0.39386144
2017-03-20,3.133517,2.0854843,0.38012627
2017-03-21,3.1171985,2.0539944,0.37058017
2017-03-22,3.10088,2.06288,0.372941
2017-03-23,3.0565486,2.0588078,0.37193012
2017-03-24,3.012217,2.032181,0.3612215
2017-03-25,2.9678857,1.9706024,0.34098136
2017-03-26,2.9235542,1.9306426,0.3277323
2017-03-27,2.8792229,1.9244455,0.32662782
2017-03-28,2.8348913,1.893448,0.3183425
2017-03-29,2.79056,1.9011785,0.32278568
2017-03-30,2.73269,1.8213772,0.30124655
2017-03-31,2.67482,1.8130684,0.30060568
2017-04-01,2.61695,1.7601252,0.28699094
2017-04-02,2.55908,1.7933632,0.2967763
2017-04-03,2.50121,1.7251657,0.28001308
2017-04-04,2.44334,1.7289741,0.2834726
2017-04-05,2.38547,1.6777617,0.27261317
2017-04-06,2.32616,1.6930177,0.27921847
2017-04-07,2.26685,1.6296167,0.26436672
2017-04-08,2.20754,1.6264378,0.26527163
2017-04-09,2.14823,1.5768466,0.25488722
2017-04-10,2.08892,1.5846509,0.25812528
2017-04-11,2.02961,1.5302256,0.24629273
2017-04-12,1.9703,1.5584105,0.25338757
2017-04-13,1.9366028,1.5037129,0.24161881
2017-04-14,1.9029057,1.5156039,0.24441679
2017-04-15,1.8692086,1.4981037,0.24053352
2017-04-16,1.8355114,1.5184463,0.24521199
2017-04-17,1.8018143,1.5086282,0.2437234
2017-04-18,1.7681172,1.5037122,0.24326566
2017-04-19,1.73442,1.4951808,0.24196106
2017-04-20,1.7099357,1.4876547,0.24033438
2017-04-21,1.6854514,1.4367748,0.22908573
2017-04-22,1.6609671,1.4058621,0.22231114
2017-04-23,1.6364828,1.408391,0.22294062
2017-04-24,1.6119986,1.4112685,0.22404848
2017-04-25,1.5875143,1.406722,0.2235006
2017-04-26,1.56303,1.389202,0.21993648
2017-04-27,1.5415685,1.3684108,0.21609542
2017-04-28,1.5201072,1.3305942,0.20835772
2017-04-29,1.4986457,1.3495789,0.21266177
2017-04-30,1.4771843,1.3536137,0.2134062
2017-05-01,1.4557228,1.3562812,0.21505676
2017-05-02,1.4342614,1.3166704,0.2076457
2017-05-03,1.4128,1.359839,0.2170727
2017-05-04,1.3931029,1.3236411,0.21011533
2017-05-05,1.3734057,1.3390568,0.21325472
2017-05-06,1.3537086,1.3075749,0.20731701
2017-05-07,1.3340114,1.3387899,0.21373488
2017-05-08,1.3143142,1.3204914,0.21084823
2017-05-09,1.2946172,1.3229996,0.21165921
2017-05-10,1.27492,1.3207235,0.2121078
2017-05-11,1.2761314,1.3238344,0.21275352
2017-05-12,1.2773429,1.2882808,0.20619519
2017-05-13,1.2785543,1.3380306,0.21558908
2017-05-14,1.2797657,1.3423275,0.21732086
2017-05-15,1.2809771,1.3546288,0.22022076
2017-05-16,1.2821885,1.3327436,0.21661247
2017-05-17,1.2834,1.3537893,0.22134332
2017-05-18,1.2667186,1.3353391,0.21793377
2017-05-19,1.2500372,1.3283069,0.21690753
2017-05-20,1.2333558,1.3745792,0.2261476
2017-05-21,1.2166743,1.3037244,0.21270928
2017-05-22,1.1999929,1.2896434,0.210136
2017-05-23,1.1833115,1.2629503,0.20591201
2017-05-24,1.16663,1.2693421,0.20713475
2017-05-25,1.1585071,1.204966,0.19639371
2017-05-26,1.1503843,1.1751015,0.19096309
2017-05-27,1.1422614,1.154078,0.18763451
2017-05-28,1.1341386,1.1151185,0.18117246
2017-05-29,1.1260157,1.1703457,0.19136684
2017-05-30,1.1178929,1.1199384,0.18320721
2017-05-31,1.10977,1.1903445,0.1960618
2017-06-01,1.1002786,1.0922213,0.17972773
2017-06-02,1.0907872,1.1616851,0.19166537
2017-06-03,1.0812957,1.0777153,0.17761716
2017-06-04,1.0718043,1.163419,0.1919292
2017-06-05,1.0623128,1.0898428,0.17978138
2017-06-06,1.0528214,1.1260632,0.18605329
2017-06-07,1.04333,1.0682713,0.17675357
2017-06-08,1.0235901,1.1012355,0.18213777
2017-06-09,1.0038503,1.0745815,0.17772411
2017-06-10,0.9841104,1.0726751,0.1775369
2017-06-11,0.96437055,1.058614,0.17523868
2017-06-12,0.94463074,1.0260092,0.17062573
2017-06-13,0.9248909,1.0416812,0.17301242
2017-06-14,0.905151,1.032022,0.17190635
2017-06-15,0.90480345,1.0239612,0.1707141
2017-06-16,0.90445584,1.0380634,0.1731189
2017-06-17,0.9041083,1.031375,0.1717321
2017-06-18,0.90376073,1.0664246,0.17733172
2017-06-19,0.9034131,1.0526097,0.17514746
2017-06-20,0.90306556,1.0808641,0.17990409
2017-06-21,0.902718,1.0288314,0.17190544
2017-06-22,0.89654845,1.0150393,0.16983946
2017-06-23,0.89037883,0.98747563,0.16564047
2017-06-24,0.8842093,0.9992458,0.16765785
2017-06-25,0.8780397,0.9622562,0.16229755
2017-06-26,0.87187016,0.9564737,0.1615324
2017-06-27,0.86570054,0.94445306,0.15989044
2017-06-28,0.859531,0.95920694,0.16214515
2017-06-29,0.8537406,0.95835364,0.16176006
2017-06-30,0.84795016,0.97818404,0.16461855
2017-07-01,0.8421597,0.98242813,0.1650933
2017-07-02,0.8363693,0.98223907,0.16517653
2017-07-03,0.83057886,0.97712207,0.16439208
2017-07-04,0.82478845,0.9684497,0.1634777
2017-07-05,0.818998,0.9580539,0.16184069
2017-07-06,0.809499,0.9764278,0.16442123
2017-07-07,0.8,0.9965196,0.16686521
2017-07-08,0.790501,0.9743898,0.16374525
2017-07-09,0.781002,0.92030215,0.1565906
2017-07-10,0.771503,0.89618546,0.1534384
2017-07-11,0.762004,0.85802454,0.14832796
2017-07-12,0.752505,0.84655243,0.14693004
2017-07-13,0.7494537,0.82125336,0.14401081
2017-07-14,0.74640244,0.79642594,0.14080885
2017-07-15,0.74335116,0.78622466,0.13982646
2017-07-16,0.7402999,0.7855055,0.13994183
2017-07-17,0.7372486,0.7876645,0.14052053
2017-07-18,0.73419726,0.7818446,0.13997737
2017-07-19,0.731146,0.7853525,0.1403286
2017-07-20,0.731453,0.7990769,0.1419127
2017-07-21,0.73176,0.82236284,0.1445902
2017-07-22,0.732067,0.8036197,0.14222176
2017-07-23,0.732374,0.7921655,0.14126578
2017-07-24,0.732681,0.7962897,0.14207235
2017-07-25,0.732988,0.8231987,0.14543158
2017-07-26,0.733295,0.81523186,0.14467472
2017-07-27,0.73297,0.80596524,0.14390147
2017-07-28,0.732645,0.8011596,0.1435483
2017-07-29,0.73232,0.82341784,0.1463151
2017-07-30,0.731995,0.8225096,0.14646757
2017-07-31,0.73167,0.83061486,0.14752936
2017-08-01,0.731345,0.8389766,0.14894128
2017-08-02,0.73102,0.8342399,0.14818032
2017-08-03,0.72492284,0.8360344,0.14871979
2017-08-04,0.7188257,0.82761055,0.14716384
2017-08-05,0.71272856,0.86989295,0.1527745
2017-08-06,0.7066314,0.8530636,0.15033686
2017-08-07,0.7005343,0.86466956,0.15228285
2017-08-08,0.69443715,0.85682136,0.15086995
2017-08-09,0.68834,0.8601638,0.15162788
2017-08-10,0.69458413,0.83579886,0.14843687
2017-08-11,0.7008283,0.87098145,0.1530162
2017-08-12,0.70707244,0.8528388,0.15047885
2017-08-13,0.71331656,0.88602227,0.15521847
2017-08-14,0.71956074,0.8970421,0.15609638
2017-08-15,0.72580487,0.9202007,0.15944017
2017-08-16,0.732049,0.8894,0.15478466
2017-08-17,0.7576403,0.9301283,0.16031083
2017-08-18,0.78323156,0.90081614,0.15559138
2017-08-19,0.8088229,0.9488461,0.16201025
2017-08-20,0.8344141,0.88894767,0.15387005
2017-08-21,0.86000544,0.90249324,0.15583587
2017-08-22,0.8855967,0.8485228,0.14910513
2017-08-23,0.911188,0.8371797,0.14807215
2017-08-24,0.92688257,0.8585207,0.06094137
2017-08-25,0.9425771,0.8707866,0.06146583
2017-08-26,0.95827174,0.8674598,0.06275567
2017-08-27,0.9739663,0.86721474,0.06304171
2017-08-28,0.98966086,0.89888185,0.06137836
2017-08-29,1.0053555,0.9284651,0.059649937
2017-08-30,1.02105,0.9257136,0.059146587
2017-08-31,1.0316072,0.9488826,0.0569195
2017-09-01,1.0421643,0.9038892,0.05930288
2017-09-02,1.0527214,0.89278394,0.05910444
2017-09-03,1.0632786,0.86564577,0.060672726
2017-09-04,1.0738357,0.8813908,0.059862178
2017-09-05,1.0843929,0.94304985,0.055489883
2017-09-06,1.09495,0.953339,0.055337057
2017-09-07,1.0949215,0.9839886,0.055641767
2017-09-08,1.0948929,1.0060818,0.054372303
2017-09-09,1.0948642,1.0228847,0.05469898
2017-09-10,1.0948358,1.0229659,0.055475697
2017-09-11,1.0948071,1.0534363,0.053601954
2017-09-12,1.0947785,1.0620546,0.05416264
2017-09-13,1.09475,1.0614917,0.053480025
2017-09-14,1.0951786,1.0518036,0.053766344
2017-09-15,1.0956072,1.059485,0.052697387
2017-09-16,1.0960357,1.0727737,0.05391781
2017-09-17,1.0964643,1.0613306,0.0546558
2017-09-18,1.0968928,1.0659778,0.05445142
2017-09-19,1.0973214,1.0663993,0.05269075
2017-09-20,1.09775,1.0766944,0.052764684
2017-09-21,1.11076,1.0852752,0.052322544
2017-09-22,1.12377,1.0768833,0.050894473
2017-09-23,1.13678,1.0786126,0.051772542
2017-09-24,1.14979,1.0828747,0.052775305
2017-09-25,1.1628,1.1111485,0.05245453
2017-09-26,1.17581,1.1314938,0.0514572
2017-09-27,1.18882,1.1597197,0.05077776
2017-09-28,1.19983,1.1843016,0.05160159
2017-09-29,1.21084,1.2105595,0.053646315
2017-09-30,1.22185,1.2086048,0.052275755
2017-10-01,1.23286,1.2232741,0.052656215
2017-10-02,1.24387,1.2343297,0.05207058
2017-10-03,1.25488,1.2398952,0.051719867
2017-10-04,1.26589,1.2532295,0.05127964
2017-10-05,1.2714472,1.2622677,0.052315682
2017-10-06,1.2770042,1.2676365,0.050972484
2017-10-07,1.2825614,1.2836995,0.052516975
2017-10-08,1.2881186,1.3010185,0.05405637
2017-10-09,1.2936757,1.3475894,0.05705553
2017-10-10,1.2992328,1.3369937,0.056974914
2017-10-11,1.30479,1.314898,0.05506051
2017-10-12,1.3099271,1.3208946,0.056297023
2017-10-13,1.3150643,1.3373718,0.056302156
2017-10-14,1.3202014,1.3424957,0.054969344
2017-10-15,1.3253386,1.3302788,0.053938236
2017-10-16,1.3304757,1.3329377,0.054801196
2017-10-17,1.3356129,1.3417434,0.05481049
2017-10-18,1.34075,1.3435102,0.05345412
2017-10-19,1.3658915,1.3389981,0.050850134
2017-10-20,1.3910328,1.3377366,0.050934024
2017-10-21,1.4161743,1.3580949,0.052796934
2017-10-22,1.4413158,1.3831531,0.04983534
2017-10-23,1.4664571,1.3893527,0.051253054
2017-10-24,1.4915986,1.3804921,0.051107157
2017-10-25,1.51674,1.3666,0.050050534
2017-10-26,1.5494671,1.3787705,0.05131896
2017-10-27,1.5821943,1.3683983,0.051657487
2017-10-28,1.6149215,1.3832924,0.04987519
2017-10-29,1.6476486,1.3851004,0.052662153
2017-10-30,1.6803757,1.384867,0.051293634
2017-10-31,1.7131028,1.4387927,0.05345522
2017-11-01,1.74583,1.4285715,0.053966213
2017-11-02,1.7660086,1.4173528,0.052119415
2017-11-03,1.7861872,1.4196253,0.051523972
2017-11-04,1.8063657,1.4689449,0.054324534
2017-11-05,1.8265443,1.4629238,0.054446086
2017-11-06,1.8467228,1.4769201,0.053539902
2017-11-07,1.8669014,1.4789107,0.054884817
2017-11-08,1.88708,1.4705342,0.055337355
2017-11-09,1.9116728,1.4828689,0.05315981
2017-11-10,1.9362657,1.5221612,0.054353952
2017-11-11,1.9608586,1.5329546,0.057376914
2017-11-12,1.9854515,1.5103987,0.05749728
2017-11-13,2.0100443,1.5112829,0.055800736
2017-11-14,2.0346372,1.5383949,0.058702696
2017-11-15,2.05923,1.55198,0.060625985
2017-11-16,2.090727,1.6244615,0.061894063
2017-11-17,2.1222243,1.6329362,0.06430996
2017-11-18,2.1537213,1.6405946,0.0590498
2017-11-19,2.1852186,1.7129303,0.063868046
2017-11-20,2.2167158,1.7525873,0.0677151
2017-11-21,2.2482128,1.8067636,0.072530754
2017-11-22,2.27971,1.7646267,0.066951185
2017-11-23,2.2802927,1.7713692,0.06463792
2017-11-24,2.2808757,1.8505237,0.07064707
2017-11-25,2.2814586,1.8730114,0.07580464
2017-11-26,2.2820413,1.9072837,0.07297941
2017-11-27,2.2826242,2.0252051,0.08434867
2017-11-28,2.2832072,2.096728,0.09202841
2017-11-29,2.28379,2.1890757,0.10113541
2017-11-30,2.3265028,2.2538316,0.108097
2017-12-01,2.3692157,2.2662716,0.11003896
2017-12-02,2.4119287,2.2664194,0.10445515
2017-12-03,2.4546413,2.3095756,0.120025344
2017-12-04,2.4973543,2.2942383,0.123727836
2017-12-05,2.5400672,2.3174307,0.121195614
2017-12-06,2.58278,2.3246086,0.12359033
2017-12-07,2.6946087,2.344738,0.11882283
2017-12-08,2.8064373,2.3948555,0.12383501
2017-12-09,2.9182658,2.3915436,0.13122982
2017-12-10,3.0300944,2.4450545,0.13732499
2017-12-11,3.141923,2.5138848,0.14791787
2017-12-12,3.2537515,2.6319535,0.17889528
2017-12-13,3.36558,2.728322,0.20609783
2017-12-14,3.5606642,2.823757,0.25533924
2017-12-15,3.7557485,2.912265,0.28413305
2017-12-16,3.9508328,2.9018197,0.2791657
2017-12-17,4.145917,2.942593,0.2855035
2017-12-18,4.3410015,2.999481,0.32200035
2017-12-19,4.5360856,3.057484,0.33321312
2017-12-20,4.73117,3.2074249,0.4231736
2017-12-21,4.8709216,3.2884533,0.462047
2017-12-22,5.010673,3.4079175,0.57208145
2017-12-23,5.1504245,3.466455,0.62289965
2017-12-24,5.290176,3.3978417,0.56947863
2017-12-25,5.4299273,3.3687265,0.557361
2017-12-26,5.569679,3.3047762,0.49829906
2017-12-27,5.70943,3.277908,0.4799939
2017-12-28,5.714737,3.3807867,0.545808
2017-12-29,5.720044,3.9108875,0.8029248
2017-12-30,5.7253513,4.9759808,1.1997764
2017-12-31,5.7306585,5.491283,1.4811097
2018-01-01,5.7359657,5.955789,1.76973
2018-01-02,5.741273,7.1470275,2.8179429
2018-01-03,5.74658,7.0469604,2.6791995
2018-01-04,5.7673645,7.4990344,3.1253674
2018-01-05,5.7881484,6.985068,2.5714362
2018-01-06,5.808933,5.711025,1.5285945
2018-01-07,5.829717,5.9259205,1.6560698
2018-01-08,5.8505015,5.1266537,1.1340497
2018-01-09,5.871286,5.498596,1.3579851
2018-01-10,5.89207,6.498867,2.014469
2018-01-11,5.98143,8.034613,3.5003793
2018-01-12,6.07079,8.141961,3.5057108
2018-01-13,6.16015,9.005185,4.553621
2018-01-14,6.24951,9.125162,4.5549054
2018-01-15,6.33887,9.639251,5.1477304
2018-01-16,6.42823,10.18491,5.9524503
2018-01-17,6.51759,8.839994,3.972435
2018-01-18,6.6098456,12.151145,8.245088
2018-01-19,6.702101,10.635734,6.2711096
2018-01-20,6.7943573,9.036516,4.1490755
2018-01-21,6.886613,11.741399,7.986877
2018-01-22,6.9788685,9.35043,4.3927016
2018-01-23,7.071124,11.148464,7.251664
2018-01-24,7.16338,11.945334,8.09459
2018-01-25,7.2145157,8.984475,4.082521
2018-01-26,7.265651,10.9557495,6.917743
2018-01-27,7.3167872,9.087203,4.2086763
2018-01-28,7.367923,7.3030214,2.3497772
2018-01-29,7.419059,7.7650228,2.7388184
2018-01-30,7.4701943,8.00605,2.959007
2018-01-31,7.52133,7.9591866,2.91075
2018-02-01,7.5022087,8.574536,3.5611596
2018-02-02,7.483087,7.388035,2.4962807
2018-02-03,7.463966,6.587949,2.1166048
2018-02-04,7.4448442,5.8148766,1.5722461
2018-02-05,7.425723,7.027514,2.6950998
2018-02-06,7.4066014,6.390821,2.049464
2018-02-07,7.38748,6.780222,2.5185413
2018-02-08,7.2531085,6.937051,2.8171177
2018-02-09,7.118737,3.7601266,1.2422569
2018-02-10,6.984366,2.8892143,0.893234
2018-02-11,6.849994,2.5006604,0.5572873
2018-02-12,6.715623,1.8715651,0.22973037
2018-02-13,6.5812516,2.080109,0.27826253
2018-02-14,6.44688,1.5377975,0.122237355
2018-02-15,6.2342987,1.578091,0.1302765
2018-02-16,6.021717,1.6672307,0.13286822
2018-02-17,5.809136,1.3566654,0.079928994
2018-02-18,5.5965543,1.1294991,0.053191237
2018-02-19,5.3839726,1.105048,0.044963636
2018-02-20,5.1713915,1.1663859,0.045556713
2018-02-21,4.95881,1.5210549,0.06613568
2018-02-22,4.776997,1.9334016,0.075061105
2018-02-23,4.5951843,2.4272945,0.108144455
2018-02-24,4.4133716,2.585808,0.13285102
2018-02-25,4.231559,2.5862808,0.13476871
2018-02-26,4.0497456,2.5045621,0.123242564
2018-02-27,3.8679328,2.9783783,0.23204766
2018-02-28,3.68612,2.5474598,0.1219437
2018-03-01,3.6147115,2.380517,0.10141966
2018-03-02,3.5433028,2.4678593,0.11296406
2018-03-03,3.4718943,2.783185,0.20286247
2018-03-04,3.4004858,2.5344932,0.13637337
2018-03-05,3.3290772,2.3738575,0.108158246
2018-03-06,3.2576685,2.4996195,0.11455316
2018-03-07,3.18626,2.7478013,0.18635216
2018-03-08,3.126643,2.8870149,0.22516544
2018-03-09,3.0670257,2.708374,0.18033656
2018-03-10,3.0074086,2.5984855,0.14482914
2018-03-11,2.9477913,2.7506006,0.19898377
2018-03-12,2.8881743,2.550478,0.14333603
2018-03-13,2.8285573,2.4739375,0.13291562
2018-03-14,2.76894,2.491339,0.12845446
2018-03-15,2.7286713,2.3832874,0.108126774
2018-03-16,2.688403,2.3422518,0.10159949
2018-03-17,2.6481342,2.4052622,0.11884933
2018-03-18,2.6078658,2.418377,0.13145286
2018-03-19,2.5675972,2.3317733,0.10923392
2018-03-20,2.5273285,2.3827035,0.124449216
2018-03-21,2.48706,2.3812706,0.11637375
2018-03-22,2.4757686,2.3463817,0.11988962
2018-03-23,2.464477,2.3982189,0.14258617
2018-03-24,2.4531858,2.3820336,0.12631471
2018-03-25,2.4418943,2.3046708,0.11759637
2018-03-26,2.4306028,2.2166903,0.09712198
2018-03-27,2.4193115,2.1847842,0.10179063
2018-03-28,2.40802,2.1955302,0.10528456
2018-03-29,2.3604214,2.108984,0.08903372
2018-03-30,2.3128228,2.0119255,0.078849524
2018-03-31,2.2652242,1.965222,0.076696195
2018-04-01,2.2176256,1.9716659,0.08187848
2018-04-02,2.1700273,1.954535,0.07401792
2018-04-03,2.1224287,1.9943128,0.08698143
2018-04-04,2.07483,1.9959352,0.08564887
2018-04-05,2.0325658,1.9768622,0.08601182
2018-04-06,1.9903014,1.9246422,0.08043114
2018-04-07,1.9480371,1.9685922,0.08896137
2018-04-08,1.9057728,1.9037755,0.07659718
2018-04-09,1.8635086,1.8528987,0.07535471
2018-04-10,1.8212442,1.8080541,0.07238971
2018-04-11,1.77898,1.7705591,0.06822719
2018-04-12,1.7555357,1.719864,0.06487002
2018-04-13,1.7320914,1.6745687,0.060607057
2018-04-14,1.7086471,1.6057587,0.05543749
2018-04-15,1.6852028,1.5681753,0.05288711
2018-04-16,1.6617585,1.5926147,0.056816403
2018-04-17,1.6383142,1.5732106,0.056941897
2018-04-18,1.61487,1.5824215,0.059947204
2018-04-19,1.60396,1.5580199,0.05877232
2018-04-20,1.59305,1.5207067,0.055365257
2018-04-21,1.58214,1.5674249,0.060035437
2018-04-22,1.57123,1.5444059,0.057626776
2018-04-23,1.56032,1.5361419,0.055014644
2018-04-24,1.54941,1.5506543,0.05926447
2018-04-25,1.5385,1.5449699,0.059960283
2018-04-26,1.5367315,1.5481209,0.058674447
2018-04-27,1.5349629,1.5604348,0.060597938
2018-04-28,1.5331943,1.5642046,0.062372584
2018-04-29,1.5314257,1.4996905,0.05656489
2018-04-30,1.5296571,1.5023538,0.059167664
2018-05-01,1.5278885,1.4897152,0.05743645
2018-05-02,1.52612,1.4867926,0.055663206
2018-05-03,1.49217,1.4987706,0.056294337
2018-05-04,1.45822,1.5117929,0.056089293
2018-05-05,1.42427,1.4623774,0.055417694
2018-05-06,1.39032,1.4810398,0.053905375
2018-05-07,1.35637,1.470263,0.05372997
2018-05-08,1.32242,1.4675772,0.05709821
2018-05-09,1.28847,1.4623735,0.06021708
2018-05-10,1.2734658,1.4230119,0.05843819
2018-05-11,1.2584615,1.3914821,0.05764655
2018-05-12,1.2434572,1.3568882,0.055228636
2018-05-13,1.2284528,1.3391936,0.0554296
2018-05-14,1.2134485,1.3249938,0.05486674
2018-05-15,1.1984442,1.2999917,0.052610278
2018-05-16,1.18344,1.2954528,0.055423066
2018-05-17,1.1928328,1.3125211,0.05515181
2018-05-18,1.2022257,1.3047705,0.054593932
2018-05-19,1.2116185,1.2829503,0.0518662
2018-05-20,1.2210114,1.2606937,0.052523695
2018-05-21,1.2304043,1.24357,0.05269407
2018-05-22,1.2397971,1.226499,0.053615157
2018-05-23,1.24919,1.193768,0.05151719
2018-05-24,1.2337786,1.1894864,0.05223308
2018-05-25,1.2183671,1.1628613,0.051475454
2018-05-26,1.2029557,1.1553795,0.052310407
2018-05-27,1.1875442,1.1251942,0.05508077
2018-05-28,1.1721328,1.125013,0.054425593
2018-05-29,1.1567215,1.106016,0.05477995
2018-05-30,1.14131,1.0867755,0.054971404
2018-05-31,1.11938,1.0498394,0.055571053
2018-06-01,1.09745,1.0203341,0.058548078
2018-06-02,1.07552,0.98674333,0.05968015
2018-06-03,1.05359,1.0039672,0.057105385
2018-06-04,1.03166,0.97396654,0.05819699
2018-06-05,1.00973,0.9666442,0.05897282
2018-06-06,0.9878,0.972689,0.059633
2018-06-07,0.97462356,0.96635926,0.05857928
2018-06-08,0.9614471,0.9391058,0.058690593
2018-06-09,0.94827074,0.92910063,0.058645062
2018-06-10,0.9350943,0.96055114,0.057851695
2018-06-11,0.92191786,0.9623564,0.0572752
2018-06-12,0.9087414,0.96702695,0.057552554
2018-06-13,0.895565,0.9588165,0.058280893
2018-06-14,0.89508486,0.92015374,0.058468692
2018-06-15,0.89460474,0.90061086,0.060930926
2018-06-16,0.89412457,0.9267786,0.05792096
2018-06-17,0.89364445,0.8519387,0.06316565
2018-06-18,0.8931643,0.8478747,0.06108177
2018-06-19,0.89268416,0.87097913,0.057900935
2018-06-20,0.892204,0.8721788,0.05759147
2018-06-21,0.8900583,0.8066945,0.060854144
2018-06-22,0.8879126,0.8254882,0.060744777
2018-06-23,0.88576686,0.79690546,0.06350623
2018-06-24,0.88362116,0.81750405,0.06217467
2018-06-25,0.88147545,0.7697618,0.063960604
2018-06-26,0.87932974,0.7974714,0.061904512
2018-06-27,0.877184,0.7791968,0.06187404
2018-06-28,0.8633296,0.7890623,0.061710797
2018-06-29,0.84947515,0.79455024,0.061212998
2018-06-30,0.8356207,0.7382997,0.06388757
2018-07-01,0.82176626,0.7414194,0.06253271
2018-07-02,0.8079119,0.70796657,0.065215416
2018-07-03,0.7940574,0.72451806,0.06429628
2018-07-04,0.780203,0.72810435,0.06355636
2018-07-05,0.77232754,0.75279725,0.061943535
2018-07-06,0.76445216,0.7496995,0.06191734
2018-07-07,0.7565767,0.7233361,0.06319197
2018-07-08,0.7487013,0.6944519,0.065975465
2018-07-09,0.74082583,0.707011,0.06558994
2018-07-10,0.73295045,0.7202185,0.064712666
2018-07-11,0.725075,0.70392066,0.065002315
2018-07-12,0.7189886,0.7085103,0.06454432
2018-07-13,0.7129021,0.74299616,0.063820735
2018-07-14,0.7068157,0.733685,0.06493375
2018-07-15,0.7007293,0.74075836,0.06448587
2018-07-16,0.69464284,0.6904457,0.06794682
2018-07-17,0.68855643,0.7111683,0.06759745
2018-07-18,0.68247,0.7131821,0.067672506
2018-07-19,0.676459,0.7653163,0.06414623
2018-07-20,0.670448,0.79096055,0.06245989
2018-07-21,0.664437,0.7621219,0.06344565
2018-07-22,0.658426,0.7920971,0.061263107
2018-07-23,0.652415,0.839628,0.059820212
2018-07-24,0.646404,0.79990214,0.062186487
2018-07-25,0.640393,0.77785945,0.06434915
2018-07-26,0.6402121,0.75617385,0.065887496
2018-07-27,0.6400313,0.7517792,0.06693671
2018-07-28,0.63985044,0.77884805,0.06717295
2018-07-29,0.6396696,0.743688,0.068415776
2018-07-30,0.6394887,0.7387561,0.06898946
2018-07-31,0.63930786,0.7286079,0.07016871
2018-08-01,0.639127,0.75888115,0.0675281
2018-08-02,0.6486284,0.7743721,0.068058826
2018-08-03,0.6581299,0.76631963,0.068651244
2018-08-04,0.66763127,0.7250161,0.070242345
2018-08-05,0.6771327,0.77225655,0.067379534
2018-08-06,0.6866341,0.75422025,0.06851512
2018-08-07,0.6961356,0.7944879,0.06541399
2018-08-08,0.705637,0.80804557,0.0654721
2018-08-09,0.70594615,0.8031035,0.06667059
2018-08-10,0.70625526,0.7783816,0.06937188
2018-08-11,0.7065644,0.7511509,0.07246636
2018-08-12,0.7068736,0.8144979,0.06726726
2018-08-13,0.7071827,0.75280845,0.070536315
2018-08-14,0.7074919,0.7188914,0.07272081
2018-08-15,0.707801,0.7424809,0.0710633
2018-08-16,0.7242093,0.70935434,0.07395332
2018-08-17,0.7406176,0.7107062,0.071527466
2018-08-18,0.75702584,0.719608,0.070376486
2018-08-19,0.77343416,0.73022634,0.06800946
2018-08-20,0.7898424,0.7184175,0.06794407
2018-08-21,0.8062507,0.75784254,0.06486044
2018-08-22,0.822659,0.7582759,0.067193665
2018-08-23,0.827974,0.7742097,0.068122506
