,True,Pred
2014-08-24,0.821655,0.8470032
2014-08-25,0.835162,0.8164867
2014-08-26,0.848669,0.82143974
2014-08-27,0.862176,0.8210685
2014-08-28,0.879709,0.8709326
2014-08-29,0.897242,0.8821968
2014-08-30,0.914775,0.8697508
2014-08-31,0.932308,0.86455667
2014-09-01,0.949841,0.83657616
2014-09-02,0.967374,0.8254324
2014-09-03,0.984907,0.856073
2014-09-04,1.0103303,0.8557086
2014-09-05,1.0357536,0.88808906
2014-09-06,1.0611769,0.8838005
2014-09-07,1.0866002,0.8963636
2014-09-08,1.1120235,0.9123261
2014-09-09,1.1374468,0.894446
2014-09-10,1.16287,0.946628
2014-09-11,1.1720757,0.9422951
2014-09-12,1.1812814,0.94619477
2014-09-13,1.1904871,0.97489643
2014-09-14,1.1996928,0.9567509
2014-09-15,1.2088985,0.94273734
2014-09-16,1.2181042,0.97070503
2014-09-17,1.22731,1.0138462
2014-09-18,1.2244228,1.0799099
2014-09-19,1.2215357,1.096749
2014-09-20,1.2186486,1.105363
2014-09-21,1.2157614,1.1125828
2014-09-22,1.2128743,1.13694
2014-09-23,1.2099872,1.1320239
2014-09-24,1.2071,1.1747723
2014-09-25,1.2006443,1.154817
2014-09-26,1.1941886,1.1630774
2014-09-27,1.1877328,1.1535904
2014-09-28,1.1812772,1.1620064
2014-09-29,1.1748214,1.1576184
2014-09-30,1.1683657,1.2022228
2014-10-01,1.16191,1.2134503
2014-10-02,1.18293,1.237925
2014-10-03,1.20395,1.240342
2014-10-04,1.22497,1.241086
2014-10-05,1.24599,1.288438
2014-10-06,1.26701,1.3051035
2014-10-07,1.28803,1.3150231
2014-10-08,1.30905,1.3427395
2014-10-09,1.31786,1.3547125
2014-10-10,1.32667,1.3522075
2014-10-11,1.33548,1.4104651
2014-10-12,1.34429,1.4059727
2014-10-13,1.3531,1.4122868
2014-10-14,1.36191,1.4303823
2014-10-15,1.37072,1.405521
2014-10-16,1.3797214,1.3606133
2014-10-17,1.3887229,1.3738239
2014-10-18,1.3977243,1.4231958
2014-10-19,1.4067258,1.4284569
2014-10-20,1.4157271,1.4328549
2014-10-21,1.4247285,1.4426345
2014-10-22,1.43373,1.4646988
2014-10-23,1.4328985,1.499937
2014-10-24,1.4320672,1.4714081
2014-10-25,1.4312357,1.5097508
2014-10-26,1.4304043,1.5256071
2014-10-27,1.4295728,1.5212066
2014-10-28,1.4287415,1.5353299
2014-10-29,1.42791,1.5032153
2014-10-30,1.4547871,1.5215766
2014-10-31,1.4816643,1.5134434
2014-11-01,1.5085415,1.4865906
2014-11-02,1.5354186,1.5158088
2014-11-03,1.5622957,1.5232581
2014-11-04,1.5891728,1.4761399
2014-11-05,1.61605,1.4896375
2014-11-06,1.6222943,1.502807
2014-11-07,1.6285386,1.5211554
2014-11-08,1.6347829,1.5672061
2014-11-09,1.6410271,1.5719578
2014-11-10,1.6472714,1.5867958
2014-11-11,1.6535157,1.5902629
2014-11-12,1.65976,1.5757287
2014-11-13,1.7161642,1.6200117
2014-11-14,1.7725686,1.6229767
2014-11-15,1.8289728,1.6434381
2014-11-16,1.8853772,1.6106224
2014-11-17,1.9417814,1.6646223
2014-11-18,1.9981858,1.688541
2014-11-19,2.05459,1.6700717
2014-11-20,2.1232786,1.7371962
2014-11-21,2.1919672,1.7066449
2014-11-22,2.2606556,1.695188
2014-11-23,2.3293443,1.8295932
2014-11-24,2.398033,1.8027503
2014-11-25,2.4667215,1.8542533
2014-11-26,2.53541,1.9162613
2014-11-27,2.5364273,1.8105803
2014-11-28,2.5374444,1.8443298
2014-11-29,2.5384614,1.8444208
2014-11-30,2.5394785,1.9032348
2014-12-01,2.5404956,2.0312407
2014-12-02,2.541513,2.0307662
2014-12-03,2.54253,2.1318364
2014-12-04,2.6944015,2.211258
2014-12-05,2.846273,2.3015904
2014-12-06,2.9981444,2.4857378
2014-12-07,3.1500158,2.6395082
2014-12-08,3.301887,2.9049819
2014-12-09,3.4537585,3.1944768
2014-12-10,3.60563,3.4938028
2014-12-11,3.7919343,3.4452305
2014-12-12,3.9782386,3.4636803
2014-12-13,4.1645427,3.3546329
2014-12-14,4.3508472,3.4239042
2014-12-15,4.5371513,3.4164221
2014-12-16,4.723456,3.6087708
2014-12-17,4.90976,3.65028
2014-12-18,5.0629673,3.6369774
2014-12-19,5.216174,3.5531256
2014-12-20,5.3693814,3.6153054
2014-12-21,5.5225887,3.7212176
2014-12-22,5.6757956,3.7311285
2014-12-23,5.829003,3.6016223
2014-12-24,5.98221,3.593963
2014-12-25,5.9096384,3.560769
2014-12-26,5.837067,3.5427353
2014-12-27,5.764496,3.579068
2014-12-28,5.691924,3.4744153
2014-12-29,5.619353,3.4747152
2014-12-30,5.5467815,3.4810839
2014-12-31,5.47421,3.5401657
2015-01-01,5.2941427,3.4615452
2015-01-02,5.1140757,3.3828003
2015-01-03,4.9340086,3.3217545
2015-01-04,4.7539415,3.3025212
2015-01-05,4.5738745,3.288099
2015-01-06,4.393807,3.32798
2015-01-07,4.21374,3.2732937
2015-01-08,4.2132373,3.3675349
2015-01-09,4.212734,3.4300582
2015-01-10,4.2122316,3.4255397
2015-01-11,4.2117286,3.4314187
2015-01-12,4.2112255,3.4493797
2015-01-13,4.210723,3.4553523
2015-01-14,4.21022,3.5500422
2015-01-15,4.2172856,3.525122
2015-01-16,4.2243514,3.4865422
2015-01-17,4.231417,3.4584482
2015-01-18,4.238483,3.4352772
2015-01-19,4.2455487,3.4950674
2015-01-20,4.2526145,3.5011902
2015-01-21,4.25968,3.4582899
2015-01-22,4.219384,3.4146588
2015-01-23,4.1790886,3.3686566
2015-01-24,4.138793,3.2942731
2015-01-25,4.098497,3.3365428
2015-01-26,4.0582013,3.2387793
2015-01-27,4.0179057,3.218394
2015-01-28,3.97761,3.1374168
2015-01-29,3.9285843,3.0849364
2015-01-30,3.8795586,3.030666
2015-01-31,3.8305328,3.0500252
2015-02-01,3.7815073,3.0261014
2015-02-02,3.7324815,2.9815316
2015-02-03,3.6834557,3.0080006
2015-02-04,3.63443,3.012533
2015-02-05,3.581693,3.0287342
2015-02-06,3.5289557,2.9913964
2015-02-07,3.4762185,2.9824774
2015-02-08,3.4234815,2.9164677
2015-02-09,3.3707442,2.8930912
2015-02-10,3.3180072,2.8829346
2015-02-11,3.26527,2.8593304
2015-02-12,3.2174928,2.8443112
2015-02-13,3.1697156,2.7904887
2015-02-14,3.1219385,2.788667
2015-02-15,3.0741615,2.7824106
2015-02-16,3.0263844,2.7259252
2015-02-17,2.9786072,2.706887
2015-02-18,2.93083,2.707183
2015-02-19,2.8756742,2.6681404
2015-02-20,2.8205185,2.6699836
2015-02-21,2.7653627,2.6205213
2015-02-22,2.7102072,2.6105304
2015-02-23,2.6550515,2.5657332
2015-02-24,2.5998957,2.5072958
2015-02-25,2.54474,2.4865654
2015-02-26,2.534387,2.4213743
2015-02-27,2.5240343,2.3838053
2015-02-28,2.5136814,2.334939
2015-03-01,2.5033286,2.3120172
2015-03-02,2.4929757,2.2617264
2015-03-03,2.4826229,2.278742
2015-03-04,2.47227,2.2440383
2015-03-05,2.4557528,2.234322
2015-03-06,2.4392357,2.2286298
2015-03-07,2.4227185,2.1913342
2015-03-08,2.4062014,2.2128186
2015-03-09,2.3896842,2.176635
2015-03-10,2.373167,2.153603
2015-03-11,2.35665,2.1577957
2015-03-12,2.329997,2.138538
2015-03-13,2.3033442,2.1579387
2015-03-14,2.2766914,2.14008
2015-03-15,2.2500386,2.1112185
2015-03-16,2.2233858,2.0978987
2015-03-17,2.1967328,2.0998092
2015-03-18,2.17008,2.1077266
2015-03-19,2.1519215,2.0795348
2015-03-20,2.1337628,2.0625892
2015-03-21,2.1156044,2.0458202
2015-03-22,2.0974457,2.0511782
2015-03-23,2.079287,2.0390022
2015-03-24,2.0611286,2.0112891
2015-03-25,2.04297,1.9845811
2015-03-26,2.03026,1.9323696
2015-03-27,2.01755,1.8593122
2015-03-28,2.00484,1.8853654
2015-03-29,1.99213,1.8965095
2015-03-30,1.97942,1.9148127
2015-03-31,1.96671,1.8449836
2015-04-01,1.954,1.8264208
2015-04-02,1.9209814,1.7771509
2015-04-03,1.8879628,1.7727704
2015-04-04,1.8549442,1.7531816
2015-04-05,1.8219258,1.6582477
2015-04-06,1.7889072,1.6516205
2015-04-07,1.7558886,1.6584668
2015-04-08,1.72287,1.663756
2015-04-09,1.6963086,1.6314727
2015-04-10,1.6697471,1.6309904
2015-04-11,1.6431857,1.6242948
2015-04-12,1.6166242,1.6155771
2015-04-13,1.5900629,1.6344799
2015-04-14,1.5635015,1.5760206
2015-04-15,1.53694,1.5763993
2015-04-16,1.5149243,1.5748838
2015-04-17,1.4929086,1.6059822
2015-04-18,1.4708929,1.5427984
2015-04-19,1.4488771,1.5399798
2015-04-20,1.4268614,1.5144365
2015-04-21,1.4048457,1.5590599
2015-04-22,1.38283,1.5622919
2015-04-23,1.3942329,1.5183543
2015-04-24,1.4056357,1.535254
2015-04-25,1.4170386,1.5561951
2015-04-26,1.4284414,1.5726732
2015-04-27,1.4398443,1.547343
2015-04-28,1.4512471,1.5137658
2015-04-29,1.46265,1.5116209
2015-04-30,1.4521772,1.4964507
2015-05-01,1.4417043,1.4788667
2015-05-02,1.4312314,1.396447
2015-05-03,1.4207586,1.3431263
2015-05-04,1.4102857,1.3550197
2015-05-05,1.3998128,1.349985
2015-05-06,1.38934,1.358596
2015-05-07,1.3832629,1.3175814
2015-05-08,1.3771857,1.2989293
2015-05-09,1.3711085,1.3179953
2015-05-10,1.3650315,1.2846174
2015-05-11,1.3589543,1.2873002
2015-05-12,1.3528771,1.3335713
2015-05-13,1.3468,1.3516971
2015-05-14,1.3336171,1.3603176
2015-05-15,1.3204343,1.3374686
2015-05-16,1.3072515,1.3289531
2015-05-17,1.2940686,1.3113213
2015-05-18,1.2808857,1.3200135
2015-05-19,1.2677028,1.2698705
2015-05-20,1.25452,1.2520888
2015-05-21,1.2490686,1.2482184
2015-05-22,1.2436172,1.2377298
2015-05-23,1.2381657,1.2110487
2015-05-24,1.2327143,1.1897691
2015-05-25,1.2272629,1.1485311
2015-05-26,1.2218114,1.1858515
2015-05-27,1.21636,1.1609704
2015-05-28,1.2093571,1.1692295
2015-05-29,1.2023543,1.1476336
2015-05-30,1.1953515,1.1408956
2015-05-31,1.1883485,1.1390119
2015-06-01,1.1813457,1.1534255
2015-06-02,1.1743429,1.1510794
2015-06-03,1.16734,1.1575888
2015-06-04,1.1500828,1.1481513
2015-06-05,1.1328257,1.161765
2015-06-06,1.1155685,1.1679991
2015-06-07,1.0983114,1.1778036
2015-06-08,1.0810543,1.1818768
2015-06-09,1.0637971,1.160321
2015-06-10,1.04654,1.1633174
2015-06-11,1.031843,1.1703594
2015-06-12,1.017146,1.1713545
2015-06-13,1.002449,1.1475649
2015-06-14,0.987752,1.1730465
2015-06-15,0.973055,1.1589073
2015-06-16,0.958358,1.1612545
2015-06-17,0.943661,1.1434386
2015-06-18,0.94243026,1.1362994
2015-06-19,0.9411996,1.0829011
2015-06-20,0.9399689,1.0570996
2015-06-21,0.93873817,1.0426182
2015-06-22,0.93750745,1.0212982
2015-06-23,0.93627673,1.0306627
2015-06-24,0.935046,1.0137116
2015-06-25,0.9350003,0.99003434
2015-06-26,0.9349546,0.9812043
2015-06-27,0.93490887,0.9635719
2015-06-28,0.93486315,0.972716
2015-06-29,0.93481743,0.99002206
2015-06-30,0.9347717,0.96523225
2015-07-01,0.934726,0.958642
2015-07-02,0.92463917,0.95526147
2015-07-03,0.9145523,0.9500365
2015-07-04,0.90446544,0.9415957
2015-07-05,0.89437854,0.91456974
2015-07-06,0.8842917,0.9213127
2015-07-07,0.8742049,0.9064038
2015-07-08,0.864118,0.89700854
2015-07-09,0.8558919,0.8795606
2015-07-10,0.8476657,0.86970985
2015-07-11,0.8394396,0.90069735
2015-07-12,0.8312134,0.92394745
2015-07-13,0.82298726,0.90593326
2015-07-14,0.81476116,0.90257573
2015-07-15,0.806535,0.88965833
2015-07-16,0.7974224,0.87935966
2015-07-17,0.7883099,0.86383367
2015-07-18,0.7791973,0.85796726
2015-07-19,0.77008474,0.8470024
2015-07-20,0.76097214,0.85817266
2015-07-21,0.75185955,0.8396808
2015-07-22,0.742747,0.85234153
2015-07-23,0.74204874,0.8510126
2015-07-24,0.7413504,0.8334813
2015-07-25,0.74065214,0.84915304
2015-07-26,0.7399539,0.83368057
2015-07-27,0.73925555,0.8205936
2015-07-28,0.7385573,0.796373
2015-07-29,0.737859,0.79411733
2015-07-30,0.7386254,0.80485
2015-07-31,0.73939186,0.7831978
2015-08-01,0.74015826,0.7792374
2015-08-02,0.7409247,0.77801347
2015-08-03,0.7416912,0.77656984
2015-08-04,0.74245757,0.78271616
2015-08-05,0.743224,0.7868856
2015-08-06,0.752085,0.79929495
2015-08-07,0.760946,0.81390154
2015-08-08,0.769807,0.8018595
2015-08-09,0.778668,0.79363775
2015-08-10,0.787529,0.80658597
2015-08-11,0.79639,0.8209806
2015-08-12,0.805251,0.8338773
2015-08-13,0.8069213,0.8315202
2015-08-14,0.80859154,0.81739306
2015-08-15,0.81026185,0.77890706
2015-08-16,0.81193215,0.7852882
2015-08-17,0.81360245,0.76795244
2015-08-18,0.8152727,0.7781324
2015-08-19,0.816943,0.7870842
2015-08-20,0.81659657,0.79099965
2015-08-21,0.81625015,0.8027436
2015-08-22,0.8159037,0.79766905
2015-08-23,0.8155573,0.79985374
2015-08-24,0.8152109,0.8355342
2015-08-25,0.81486446,0.84033966
2015-08-26,0.814518,0.8530282
2015-08-27,0.82111114,0.8491924
2015-08-28,0.8277043,0.86428964
2015-08-29,0.8342974,0.8675972
2015-08-30,0.8408906,0.885841
2015-08-31,0.8474837,0.89041615
2015-09-01,0.85407686,0.90812516
2015-09-02,0.86067,0.90308094
2015-09-03,0.8643891,0.92574
2015-09-04,0.8681083,0.9118587
2015-09-05,0.8718274,0.9456042
2015-09-06,0.8755466,0.911708
2015-09-07,0.8792657,0.93306386
2015-09-08,0.8829849,0.97188604
2015-09-09,0.886704,1.0042399
2015-09-10,0.9040963,1.0265701
2015-09-11,0.9214886,1.0292202
2015-09-12,0.93888086,1.0472654
2015-09-13,0.95627314,1.030213
2015-09-14,0.9736654,1.0297234
2015-09-15,0.9910577,1.0461855
2015-09-16,1.00845,1.0423796
2015-09-17,1.0167072,1.0924671
2015-09-18,1.0249643,1.1085395
2015-09-19,1.0332215,1.0765824
2015-09-20,1.0414785,1.1557274
2015-09-21,1.0497357,1.1520846
2015-09-22,1.0579928,1.1793629
2015-09-23,1.06625,1.1748829
2015-09-24,1.06535,1.2254629
2015-09-25,1.06445,1.2004616
2015-09-26,1.06355,1.2797489
2015-09-27,1.06265,1.3066498
2015-09-28,1.06175,1.3077697
2015-09-29,1.06085,1.3619053
2015-09-30,1.05995,1.3432634
2015-10-01,1.0836128,1.3438323
2015-10-02,1.1072757,1.347556
2015-10-03,1.1309385,1.3268237
2015-10-04,1.1546015,1.3506724
2015-10-05,1.1782643,1.3496085
2015-10-06,1.2019272,1.3591545
2015-10-07,1.22559,1.4118035
2015-10-08,1.2377429,1.3961922
2015-10-09,1.2498957,1.4396414
2015-10-10,1.2620486,1.491682
2015-10-11,1.2742014,1.5291743
2015-10-12,1.2863543,1.5631287
2015-10-13,1.2985071,1.491942
2015-10-14,1.31066,1.4453574
2015-10-15,1.3192943,1.4560769
2015-10-16,1.3279285,1.3973105
2015-10-17,1.3365629,1.4207358
2015-10-18,1.3451972,1.4183793
2015-10-19,1.3538314,1.3929977
2015-10-20,1.3624657,1.3410866
2015-10-21,1.3711,1.3341486
2015-10-22,1.3740443,1.3428544
2015-10-23,1.3769885,1.3793178
2015-10-24,1.3799329,1.3616468
2015-10-25,1.3828771,1.3516392
2015-10-26,1.3858215,1.3484465
2015-10-27,1.3887657,1.3801733
2015-10-28,1.39171,1.5387197
2015-10-29,1.3981972,1.5504224
2015-10-30,1.4046843,1.4655204
2015-10-31,1.4111714,1.5036905
2015-11-01,1.4176586,1.5444998
2015-11-02,1.4241457,1.6574702
2015-11-03,1.4306328,1.6741304
2015-11-04,1.43712,1.6788545
2015-11-05,1.4463385,1.7188194
2015-11-06,1.4555571,1.6842389
2015-11-07,1.4647757,1.6821319
2015-11-08,1.4739943,1.7243602
2015-11-09,1.4832128,1.7099917
2015-11-10,1.4924314,1.7443236
2015-11-11,1.50165,1.7752032
2015-11-12,1.5154214,1.8216307
2015-11-13,1.5291928,1.7785835
2015-11-14,1.5429643,1.7698091
2015-11-15,1.5567358,1.8494829
2015-11-16,1.5705072,1.9038115
2015-11-17,1.5842786,1.946692
2015-11-18,1.59805,1.9389979
2015-11-19,1.6407114,2.0028036
2015-11-20,1.6833729,2.0290818
2015-11-21,1.7260343,2.1157634
2015-11-22,1.7686957,2.1792462
2015-11-23,1.8113571,2.2170143
2015-11-24,1.8540186,2.279313
2015-11-25,1.89668,2.253069
2015-11-26,1.8653371,2.3289766
2015-11-27,1.8339943,2.3504727
2015-11-28,1.8026514,2.4096036
2015-11-29,1.7713085,2.5096805
2015-11-30,1.7399657,2.381201
2015-12-01,1.7086228,2.4279459
2015-12-02,1.67728,2.4385011
2015-12-03,1.6923771,2.4229364
2015-12-04,1.7074742,2.33771
2015-12-05,1.7225714,2.3211586
2015-12-06,1.7376685,2.3714979
2015-12-07,1.7527657,2.496699
2015-12-08,1.7678629,2.548683
2015-12-09,1.78296,2.536019
2015-12-10,1.7958742,2.5161698
2015-12-11,1.8087885,2.5928364
2015-12-12,1.8217028,2.6782722
2015-12-13,1.8346171,2.8127837
2015-12-14,1.8475314,2.922339
2015-12-15,1.8604457,2.991889
2015-12-16,1.87336,3.0716248
2015-12-17,1.9373771,3.1260178
2015-12-18,2.0013943,3.1397893
2015-12-19,2.0654113,3.15303
2015-12-20,2.1294286,3.307919
2015-12-21,2.1934457,3.3906336
2015-12-22,2.2574627,3.3831072
2015-12-23,2.32148,3.4239128
2015-12-24,2.334113,3.4269626
2015-12-25,2.3467457,3.4445744
2015-12-26,2.3593786,3.4581761
2015-12-27,2.3720114,3.3021166
2015-12-28,2.3846443,3.312898
2015-12-29,2.397277,3.286436
2015-12-30,2.40991,3.3832803
2015-12-31,2.3432486,3.3776693
2016-01-01,2.2765872,3.408702
2016-01-02,2.2099257,3.4398723
2016-01-03,2.1432643,3.6311412
2016-01-04,2.076603,3.6534915
2016-01-05,2.0099413,3.6741111
2016-01-06,1.94328,3.6218317
2016-01-07,1.9510914,3.584278
2016-01-08,1.9589028,3.4728246
2016-01-09,1.9667143,3.2865808
2016-01-10,1.9745257,3.2469468
2016-01-11,1.9823371,3.3260052
2016-01-12,1.9901485,3.3402865
2016-01-13,1.99796,3.4093604
2016-01-14,2.01515,3.4322872
2016-01-15,2.03234,3.4647384
2016-01-16,2.04953,3.4278882
2016-01-17,2.06672,3.5106163
2016-01-18,2.08391,3.4632573
2016-01-19,2.1011,3.4846947
2016-01-20,2.11829,3.44621
2016-01-21,2.1372657,3.2823615
2016-01-22,2.1562414,3.1074078
2016-01-23,2.1752172,3.0493834
2016-01-24,2.194193,2.9689047
2016-01-25,2.2131686,2.8735976
2016-01-26,2.2321444,2.8241413
2016-01-27,2.25112,2.7712557
2016-01-28,2.2682686,2.736003
2016-01-29,2.285417,2.7044485
2016-01-30,2.3025658,2.6111968
2016-01-31,2.3197143,2.438657
2016-02-01,2.3368628,2.5163925
2016-02-02,2.3540115,2.5354896
2016-02-03,2.37116,2.6380055
2016-02-04,2.432473,2.6685512
2016-02-05,2.4937856,2.5261915
2016-02-06,2.5550985,2.7507436
2016-02-07,2.6164114,2.7388809
2016-02-08,2.6777244,2.9377484
2016-02-09,2.739037,2.8979895
2016-02-10,2.80035,2.86673
2016-02-11,2.8524072,2.783803
2016-02-12,2.9044642,2.7149444
2016-02-13,2.9565215,2.6019094
2016-02-14,3.0085785,2.7274003
2016-02-15,3.0606358,2.7424374
2016-02-16,3.1126928,2.6904006
2016-02-17,3.16475,2.6908553
2016-02-18,3.1629043,2.8196843
2016-02-19,3.1610587,2.7747397
2016-02-20,3.1592128,2.9503157
2016-02-21,3.1573672,2.7865984
2016-02-22,3.1555214,2.7799892
2016-02-23,3.1536758,2.9303544
2016-02-24,3.15183,3.1322742
2016-02-25,3.1775827,3.042571
2016-02-26,3.2033358,3.1199255
2016-02-27,3.2290885,3.1292467
2016-02-28,3.2548413,3.1709824
2016-02-29,3.2805943,3.2325559
2016-03-01,3.3063471,3.410085
2016-03-02,3.3321,3.5208511
2016-03-03,3.3646915,3.5514753
2016-03-04,3.3972828,3.4906764
2016-03-05,3.4298742,3.53356
2016-03-06,3.4624658,3.4561567
2016-03-07,3.495057,3.6414137
2016-03-08,3.5276487,3.6215444
2016-03-09,3.56024,3.5871136
2016-03-10,3.4880328,3.678959
2016-03-11,3.4158256,3.623611
2016-03-12,3.3436186,3.4122632
2016-03-13,3.2714114,3.192216
2016-03-14,3.1992042,3.0896053
2016-03-15,3.1269972,2.8933156
2016-03-16,3.05479,2.8956747
2016-03-17,3.013723,2.9334016
2016-03-18,2.9726558,2.8653533
2016-03-19,2.9315886,3.0232084
2016-03-20,2.8905215,3.0703356
2016-03-21,2.8494544,3.159532
2016-03-22,2.808387,3.2956991
2016-03-23,2.76732,3.2658525
2016-03-24,2.72079,3.322081
2016-03-25,2.67426,3.1481721
2016-03-26,2.62773,3.1980493
2016-03-27,2.5812,3.1561174
2016-03-28,2.53467,3.1972704
2016-03-29,2.48814,3.00021
2016-03-30,2.44161,2.8982875
2016-03-31,2.3833058,2.6795688
2016-04-01,2.3250015,2.5907266
2016-04-02,2.2666972,2.5165005
2016-04-03,2.2083929,2.4515734
2016-04-04,2.1500885,2.3616529
2016-04-05,2.0917842,2.339106
2016-04-06,2.03348,2.3579483
2016-04-07,2.0266871,2.334559
2016-04-08,2.0198944,2.290127
2016-04-09,2.0131013,2.2753947
2016-04-10,2.0063086,2.278874
2016-04-11,1.9995158,2.276109
2016-04-12,1.9927229,2.263122
2016-04-13,1.98593,2.274712
2016-04-14,1.9758171,2.2392612
2016-04-15,1.9657043,2.208611
2016-04-16,1.9555914,2.1375477
2016-04-17,1.9454786,2.0959778
2016-04-18,1.9353657,2.070166
2016-04-19,1.9252529,2.0548072
2016-04-20,1.91514,2.0348294
2016-04-21,1.88436,1.9922059
2016-04-22,1.85358,1.9719901
2016-04-23,1.8228,1.9804745
2016-04-24,1.79202,1.9661295
2016-04-25,1.76124,1.9497538
2016-04-26,1.73046,1.9320484
2016-04-27,1.69968,1.8898687
2016-04-28,1.6820614,1.8429024
2016-04-29,1.6644429,1.7910764
2016-04-30,1.6468242,1.7927026
2016-05-01,1.6292057,1.800847
2016-05-02,1.6115872,1.7524266
2016-05-03,1.5939686,1.7436624
2016-05-04,1.57635,1.7450137
2016-05-05,1.5502286,1.7486901
2016-05-06,1.5241071,1.7888932
2016-05-07,1.4979857,1.7722335
2016-05-08,1.4718643,1.7815404
2016-05-09,1.4457428,1.7830975
2016-05-10,1.4196215,1.7841203
2016-05-11,1.3935,1.7898836
2016-05-12,1.3800585,1.7570034
2016-05-13,1.3666171,1.7287834
2016-05-14,1.3531758,1.699306
2016-05-15,1.3397343,1.685557
2016-05-16,1.3262929,1.6433043
2016-05-17,1.3128514,1.6111023
2016-05-18,1.29941,1.5855944
2016-05-19,1.2828928,1.5599313
2016-05-20,1.2663757,1.5470499
2016-05-21,1.2498586,1.5315459
2016-05-22,1.2333415,1.5210376
2016-05-23,1.2168243,1.5177499
2016-05-24,1.2003071,1.506608
2016-05-25,1.18379,1.4868784
2016-05-26,1.1771386,1.503912
2016-05-27,1.1704872,1.5012721
2016-05-28,1.1638358,1.4910021
2016-05-29,1.1571842,1.4577179
2016-05-30,1.1505328,1.4664631
2016-05-31,1.1438814,1.4012611
2016-06-01,1.13723,1.3785667
2016-06-02,1.1235086,1.3520218
2016-06-03,1.1097871,1.2939256
2016-06-04,1.0960658,1.3117673
2016-06-05,1.0823443,1.3013248
2016-06-06,1.0686228,1.2674493
2016-06-07,1.0549015,1.2619156
2016-06-08,1.04118,1.231526
2016-06-09,1.0312706,1.2292246
2016-06-10,1.0213611,1.2164354
2016-06-11,1.0114517,1.189183
2016-06-12,1.0015423,1.1812255
2016-06-13,0.9916329,1.1807826
2016-06-14,0.9817234,1.1347657
2016-06-15,0.971814,1.135583
2016-06-16,0.95631284,1.1395248
2016-06-17,0.9408117,1.1131761
2016-06-18,0.92531055,1.083375
2016-06-19,0.9098094,1.0751879
2016-06-20,0.89430827,1.0517261
2016-06-21,0.8788071,1.0279582
2016-06-22,0.863306,0.9978998
2016-06-23,0.85909045,1.0026209
2016-06-24,0.85487485,0.9626303
2016-06-25,0.8506593,0.9496683
2016-06-26,0.8464437,0.9417664
2016-06-27,0.8422281,0.95212626
2016-06-28,0.8380126,0.9372573
2016-06-29,0.833797,0.9297004
2016-06-30,0.82675683,0.89796245
2016-07-01,0.8197167,0.8706242
2016-07-02,0.81267655,0.88140535
2016-07-03,0.8056364,0.8957039
2016-07-04,0.79859626,0.8960525
2016-07-05,0.7915561,0.90834355
2016-07-06,0.784516,0.9049785
2016-07-07,0.77734613,0.90907276
2016-07-08,0.7701763,0.91829264
2016-07-09,0.76300645,0.9222636
2016-07-10,0.75583655,0.92468405
2016-07-11,0.7486667,0.91833687
2016-07-12,0.74149686,0.9182894
2016-07-13,0.734327,0.92785704
2016-07-14,0.7292581,0.93019974
2016-07-15,0.7241893,0.9306245
2016-07-16,0.71912044,0.9370693
2016-07-17,0.71405154,0.93905306
2016-07-18,0.7089827,0.9241345
2016-07-19,0.70391387,0.91288495
2016-07-20,0.698845,0.8994373
2016-07-21,0.70230985,0.898883
2016-07-22,0.7057747,0.8867737
2016-07-23,0.70923954,0.8770491
2016-07-24,0.7127044,0.88133323
2016-07-25,0.7161693,0.8711071
2016-07-26,0.7196341,0.867115
2016-07-27,0.723099,0.8737707
2016-07-28,0.714585,0.8730719
2016-07-29,0.706071,0.8954997
2016-07-30,0.697557,0.90078783
2016-07-31,0.689043,0.9043957
2016-08-01,0.680529,0.9232522
2016-08-02,0.672015,0.94862294
2016-08-03,0.663501,0.91724753
2016-08-04,0.66768086,0.91384697
2016-08-05,0.6718607,0.90863454
2016-08-06,0.6760406,0.889786
2016-08-07,0.6802204,0.9092194
2016-08-08,0.68440026,0.8954631
2016-08-09,0.68858016,0.89955246
2016-08-10,0.69276,0.88758135
2016-08-11,0.695227,0.88440263
2016-08-12,0.697694,0.8813937
2016-08-13,0.700161,0.90566087
2016-08-14,0.702628,0.9030663
2016-08-15,0.705095,0.89832425
2016-08-16,0.707562,0.89132047
2016-08-17,0.710029,0.89685667
2016-08-18,0.7277723,0.8786073
2016-08-19,0.7455156,0.8707739
2016-08-20,0.7632589,0.8779745
2016-08-21,0.78100216,0.88236713
2016-08-22,0.79874545,0.89702344
2016-08-23,0.81648874,0.90226114
2016-08-24,0.834232,0.7478109
2016-08-25,0.856859,0.76082164
2016-08-26,0.879486,0.75030553
2016-08-27,0.902113,0.7786868
2016-08-28,0.92474,0.79057145
2016-08-29,0.947367,0.79096675
2016-08-30,0.969994,0.8115917
2016-08-31,0.992621,0.8316666
2016-09-01,0.995968,0.8438312
2016-09-02,0.999315,0.80602825
2016-09-03,1.002662,0.82663906
2016-09-04,1.006009,0.8291362
2016-09-05,1.009356,0.85533834
2016-09-06,1.012703,0.88828397
2016-09-07,1.01605,0.87758607
2016-09-08,1.0239986,0.90898985
2016-09-09,1.0319471,0.9315021
2016-09-10,1.0398958,0.98527634
2016-09-11,1.0478443,1.0107988
2016-09-12,1.0557928,1.021998
2016-09-13,1.0637414,1.0242922
2016-09-14,1.07169,1.0536584
2016-09-15,1.0759672,1.0559094
2016-09-16,1.0802443,1.0750262
2016-09-17,1.0845214,1.0544639
2016-09-18,1.0887985,1.0545154
2016-09-19,1.0930758,1.0840255
2016-09-20,1.0973529,1.0595801
2016-09-21,1.10163,1.0969948
2016-09-22,1.1140271,1.0805595
2016-09-23,1.1264243,1.1007069
2016-09-24,1.1388215,1.1147249
2016-09-25,1.1512185,1.1036737
2016-09-26,1.1636157,1.1852487
2016-09-27,1.1760129,1.264994
2016-09-28,1.18841,1.3800514
2016-09-29,1.1903372,1.4107856
2016-09-30,1.1922643,1.4966668
2016-10-01,1.1941915,1.3938227
2016-10-02,1.1961186,1.4711187
2016-10-03,1.1980457,1.4220105
2016-10-04,1.1999729,1.3916701
2016-10-05,1.2019,1.4093794
2016-10-06,1.2060685,1.3951266
2016-10-07,1.2102371,1.3997389
2016-10-08,1.2144057,1.4180788
2016-10-09,1.2185743,1.4390574
2016-10-10,1.2227429,1.4513665
2016-10-11,1.2269114,1.4371
2016-10-12,1.23108,1.4448532
2016-10-13,1.2363486,1.4023927
2016-10-14,1.2416171,1.4300965
2016-10-15,1.2468857,1.4633508
2016-10-16,1.2521542,1.4700332
2016-10-17,1.2574228,1.4721645
2016-10-18,1.2626914,1.4833547
2016-10-19,1.26796,1.4917387
2016-10-20,1.2815343,1.5071126
2016-10-21,1.2951086,1.5328526
2016-10-22,1.3086828,1.5818199
2016-10-23,1.3222572,1.6356167
2016-10-24,1.3358314,1.6060158
2016-10-25,1.3494058,1.5714288
2016-10-26,1.36298,1.5343628
2016-10-27,1.3804615,1.5565138
2016-10-28,1.3979429,1.5709317
2016-10-29,1.4154242,1.6464291
2016-10-30,1.4329057,1.6288817
2016-10-31,1.4503871,1.6378559
2016-11-01,1.4678686,1.6066526
2016-11-02,1.48535,1.6385057
2016-11-03,1.4959486,1.5785192
2016-11-04,1.5065471,1.5987442
2016-11-05,1.5171458,1.611111
2016-11-06,1.5277443,1.6140081
2016-11-07,1.5383428,1.616764
2016-11-08,1.5489414,1.5943516
2016-11-09,1.55954,1.6145008
2016-11-10,1.5721529,1.6573371
2016-11-11,1.5847657,1.6481129
2016-11-12,1.5973786,1.7656003
2016-11-13,1.6099914,1.7668297
2016-11-14,1.6226043,1.7928339
2016-11-15,1.6352172,1.7763104
2016-11-16,1.64783,1.6959168
2016-11-17,1.6856757,1.7138537
2016-11-18,1.7235215,1.7214694
2016-11-19,1.7613672,1.675305
2016-11-20,1.7992128,1.7293214
2016-11-21,1.8370585,1.7502583
2016-11-22,1.8749043,1.7331836
2016-11-23,1.91275,1.7983633
2016-11-24,1.8991071,1.7520187
2016-11-25,1.8854643,1.750485
2016-11-26,1.8718214,1.7519832
2016-11-27,1.8581786,1.7874724
2016-11-28,1.8445357,1.7923727
2016-11-29,1.8308928,1.7939752
2016-11-30,1.81725,1.8406013
2016-12-01,1.8311186,1.8846705
2016-12-02,1.8449872,1.946106
2016-12-03,1.8588557,1.9756987
2016-12-04,1.8727243,1.9837687
2016-12-05,1.8865929,2.01321
2016-12-06,1.9004614,2.0778024
2016-12-07,1.91433,2.0135474
2016-12-08,1.9565729,1.9690334
2016-12-09,1.9988157,1.9898759
2016-12-10,2.0410585,1.9320747
2016-12-11,2.0833015,1.9697262
2016-12-12,2.1255443,2.0511327
2016-12-13,2.167787,2.0354254
2016-12-14,2.21003,2.1326149
2016-12-15,2.2851229,2.208174
2016-12-16,2.3602157,2.2936378
2016-12-17,2.4353085,2.3051517
2016-12-18,2.5104015,2.3405442
2016-12-19,2.5854943,2.3610067
2016-12-20,2.660587,2.4137008
2016-12-21,2.73568,2.5194645
2016-12-22,2.8260572,2.5582743
2016-12-23,2.9164343,2.595958
2016-12-24,3.0068114,2.5593524
2016-12-25,3.0971885,2.7038577
2016-12-26,3.1875658,2.6490715
2016-12-27,3.277943,2.624409
2016-12-28,3.36832,2.6927955
2016-12-29,3.3295443,2.71679
2016-12-30,3.2907686,2.7554307
2016-12-31,3.251993,2.6637926
2017-01-01,3.2132173,2.660025
2017-01-02,3.1744413,2.671822
2017-01-03,3.1356657,2.742722
2017-01-04,3.09689,2.8219357
2017-01-05,3.0935428,2.797084
2017-01-06,3.0901957,2.7561302
2017-01-07,3.0868485,2.6298876
2017-01-08,3.0835013,2.5455203
2017-01-09,3.0801542,2.586079
2017-01-10,3.0768073,2.5335872
2017-01-11,3.07346,2.5154152
2017-01-12,3.1367414,2.5377357
2017-01-13,3.200023,2.5925858
2017-01-14,3.2633042,2.58863
2017-01-15,3.3265858,2.6463094
2017-01-16,3.389867,2.6981428
2017-01-17,3.4531486,2.738459
2017-01-18,3.51643,2.803823
2017-01-19,3.5573256,2.8568506
2017-01-20,3.5982215,2.9226844
2017-01-21,3.6391172,3.018718
2017-01-22,3.680013,2.9886372
2017-01-23,3.7209086,3.0043821
2017-01-24,3.7618043,2.9933543
2017-01-25,3.8027,2.9998186
2017-01-26,3.9027615,2.9382162
2017-01-27,4.002823,2.8912072
2017-01-28,4.1028843,2.8707557
2017-01-29,4.2029457,2.7219143
2017-01-30,4.303007,2.6555402
2017-01-31,4.4030685,2.6404011
2017-02-01,4.50313,2.5882525
2017-02-02,4.5831227,2.6118693
2017-02-03,4.6631155,2.5885603
2017-02-04,4.7431087,2.6539826
2017-02-05,4.8231015,2.6338227
2017-02-06,4.9030943,2.6219828
2017-02-07,4.983087,2.6504834
2017-02-08,5.06308,2.806524
2017-02-09,5.0340815,2.8435233
2017-02-10,5.005083,2.8056955
2017-02-11,4.976084,2.8311255
2017-02-12,4.947086,2.8306847
2017-02-13,4.918087,2.8646488
2017-02-14,4.8890886,2.956907
2017-02-15,4.86009,2.9995759
2017-02-16,4.8199573,3.0647504
2017-02-17,4.7798243,3.1150167
2017-02-18,4.7396913,3.2374692
2017-02-19,4.6995587,3.3323734
2017-02-20,4.6594257,3.4019241
2017-02-21,4.6192927,3.5180569
2017-02-22,4.57916,3.6166177
2017-02-23,4.4331,3.6593487
2017-02-24,4.28704,3.6797373
2017-02-25,4.14098,3.6455579
2017-02-26,3.99492,3.5994928
2017-02-27,3.84886,3.5932536
2017-02-28,3.7028,3.6195455
2017-03-01,3.55674,3.639905
2017-03-02,3.54923,3.666711
2017-03-03,3.54172,3.693262
2017-03-04,3.53421,3.5920417
2017-03-05,3.5267,3.5308633
2017-03-06,3.51919,3.5320768
2017-03-07,3.51168,3.5479493
2017-03-08,3.50417,3.5059862
2017-03-09,3.4628756,3.4627504
2017-03-10,3.4215815,3.3627796
2017-03-11,3.3802872,3.2656374
2017-03-12,3.3389928,3.2055864
2017-03-13,3.2976985,3.1724336
2017-03-14,3.2564044,3.0251153
2017-03-15,3.21511,2.9185622
2017-03-16,3.1987915,2.7933745
2017-03-17,3.182473,2.7044735
2017-03-18,3.1661544,2.6006289
2017-03-19,3.1498358,2.5468097
2017-03-20,3.133517,2.5146449
2017-03-21,3.1171985,2.4557085
2017-03-22,3.10088,2.4586957
2017-03-23,3.0565486,2.4305089
2017-03-24,3.012217,2.3990586
2017-03-25,2.9678857,2.401651
2017-03-26,2.9235542,2.383053
2017-03-27,2.8792229,2.423975
2017-03-28,2.8348913,2.4323263
2017-03-29,2.79056,2.4159253
2017-03-30,2.73269,2.4311187
2017-03-31,2.67482,2.36236
2017-04-01,2.61695,2.3659005
2017-04-02,2.55908,2.3194854
2017-04-03,2.50121,2.294
2017-04-04,2.44334,2.317815
2017-04-05,2.38547,2.3384933
2017-04-06,2.32616,2.3035681
2017-04-07,2.26685,2.2856889
2017-04-08,2.20754,2.2685895
2017-04-09,2.14823,2.2601418
2017-04-10,2.08892,2.288299
2017-04-11,2.02961,2.2928305
2017-04-12,1.9703,2.3369122
2017-04-13,1.9366028,2.3281388
2017-04-14,1.9029057,2.2896848
2017-04-15,1.8692086,2.1647067
2017-04-16,1.8355114,2.1825242
2017-04-17,1.8018143,2.1657028
2017-04-18,1.7681172,2.1563652
2017-04-19,1.73442,2.047134
2017-04-20,1.7099357,1.9294312
2017-04-21,1.6854514,1.8811446
2017-04-22,1.6609671,1.8728666
2017-04-23,1.6364828,1.8266313
2017-04-24,1.6119986,1.8268524
2017-04-25,1.5875143,1.7792374
2017-04-26,1.56303,1.761324
2017-04-27,1.5415685,1.7518734
2017-04-28,1.5201072,1.6820178
2017-04-29,1.4986457,1.6191381
2017-04-30,1.4771843,1.5870463
2017-05-01,1.4557228,1.5442477
2017-05-02,1.4342614,1.5289763
2017-05-03,1.4128,1.5425636
2017-05-04,1.3931029,1.538724
2017-05-05,1.3734057,1.499194
2017-05-06,1.3537086,1.4767169
2017-05-07,1.3340114,1.3790363
2017-05-08,1.3143142,1.4147688
2017-05-09,1.2946172,1.3739413
2017-05-10,1.27492,1.3856081
2017-05-11,1.2761314,1.3390559
2017-05-12,1.2773429,1.3380308
2017-05-13,1.2785543,1.3352929
2017-05-14,1.2797657,1.3379991
2017-05-15,1.2809771,1.3546647
2017-05-16,1.2821885,1.3330448
2017-05-17,1.2834,1.3618811
2017-05-18,1.2667186,1.2744795
2017-05-19,1.2500372,1.2958511
2017-05-20,1.2333558,1.2542045
2017-05-21,1.2166743,1.295106
2017-05-22,1.1999929,1.2688831
2017-05-23,1.1833115,1.282449
2017-05-24,1.16663,1.2713364
2017-05-25,1.1585071,1.2555337
2017-05-26,1.1503843,1.203049
2017-05-27,1.1422614,1.2140009
2017-05-28,1.1341386,1.2146044
2017-05-29,1.1260157,1.2733101
2017-05-30,1.1178929,1.2862781
2017-05-31,1.10977,1.2297356
2017-06-01,1.1002786,1.222899
2017-06-02,1.0907872,1.2260257
2017-06-03,1.0812957,1.2445292
2017-06-04,1.0718043,1.2217289
2017-06-05,1.0623128,1.168769
2017-06-06,1.0528214,1.1544963
2017-06-07,1.04333,1.1438406
2017-06-08,1.0235901,1.1377008
2017-06-09,1.0038503,1.0461351
2017-06-10,0.9841104,1.050225
2017-06-11,0.96437055,1.0700231
2017-06-12,0.94463074,1.0644892
2017-06-13,0.9248909,1.0070263
2017-06-14,0.905151,1.0370952
2017-06-15,0.90480345,0.9953859
2017-06-16,0.90445584,0.96272194
2017-06-17,0.9041083,0.98904943
2017-06-18,0.90376073,0.97620153
2017-06-19,0.9034131,0.9762422
2017-06-20,0.90306556,0.9568248
2017-06-21,0.902718,0.93970585
2017-06-22,0.89654845,0.933805
2017-06-23,0.89037883,0.9232633
2017-06-24,0.8842093,0.9159026
2017-06-25,0.8780397,0.9238149
2017-06-26,0.87187016,0.88310456
2017-06-27,0.86570054,0.8843428
2017-06-28,0.859531,0.8629606
2017-06-29,0.8537406,0.87643313
2017-06-30,0.84795016,0.8505877
2017-07-01,0.8421597,0.83623576
2017-07-02,0.8363693,0.84248877
2017-07-03,0.83057886,0.87998545
2017-07-04,0.82478845,0.85250974
2017-07-05,0.818998,0.8525071
2017-07-06,0.809499,0.8395052
2017-07-07,0.8,0.82150054
2017-07-08,0.790501,0.8140873
2017-07-09,0.781002,0.8172884
2017-07-10,0.771503,0.8153671
2017-07-11,0.762004,0.7902639
2017-07-12,0.752505,0.8242575
2017-07-13,0.7494537,0.79756695
2017-07-14,0.74640244,0.76917243
2017-07-15,0.74335116,0.7498945
2017-07-16,0.7402999,0.746571
2017-07-17,0.7372486,0.7446743
2017-07-18,0.73419726,0.74950516
2017-07-19,0.731146,0.7857982
2017-07-20,0.731453,0.80474675
2017-07-21,0.73176,0.78087246
2017-07-22,0.732067,0.7939496
2017-07-23,0.732374,0.8021643
2017-07-24,0.732681,0.79407
2017-07-25,0.732988,0.80926263
2017-07-26,0.733295,0.78683877
2017-07-27,0.73297,0.7629796
2017-07-28,0.732645,0.73091865
2017-07-29,0.73232,0.72633684
2017-07-30,0.731995,0.7540016
2017-07-31,0.73167,0.732964
2017-08-01,0.731345,0.73565507
2017-08-02,0.73102,0.7572049
2017-08-03,0.72492284,0.7776501
2017-08-04,0.7188257,0.77704406
2017-08-05,0.71272856,0.7883198
2017-08-06,0.7066314,0.7847794
2017-08-07,0.7005343,0.7933061
2017-08-08,0.69443715,0.78489083
2017-08-09,0.68834,0.7767128
2017-08-10,0.69458413,0.77523816
2017-08-11,0.7008283,0.7427232
2017-08-12,0.70707244,0.7442255
2017-08-13,0.71331656,0.7980442
2017-08-14,0.71956074,0.7704164
2017-08-15,0.72580487,0.7969357
2017-08-16,0.732049,0.8060888
2017-08-17,0.7576403,0.8643683
2017-08-18,0.78323156,0.830716
2017-08-19,0.8088229,0.8272327
2017-08-20,0.8344141,0.8571384
2017-08-21,0.86000544,0.8524443
2017-08-22,0.8855967,0.8529265
2017-08-23,0.911188,0.86472523
2017-08-24,0.92688257,0.9045073
2017-08-25,0.9425771,0.9029926
2017-08-26,0.95827174,0.90414864
2017-08-27,0.9739663,0.87538886
2017-08-28,0.98966086,0.8726997
2017-08-29,1.0053555,0.8800762
2017-08-30,1.02105,0.8698233
2017-08-31,1.0316072,0.87828225
2017-09-01,1.0421643,0.8914941
2017-09-02,1.0527214,0.8819428
2017-09-03,1.0632786,0.9005707
2017-09-04,1.0738357,0.89519435
2017-09-05,1.0843929,0.91092706
2017-09-06,1.09495,0.9085236
2017-09-07,1.0949215,0.9077018
2017-09-08,1.0948929,0.8925306
2017-09-09,1.0948642,0.9007432
2017-09-10,1.0948358,0.8776407
2017-09-11,1.0948071,0.9157526
2017-09-12,1.0947785,0.92175955
2017-09-13,1.09475,0.95363694
2017-09-14,1.0951786,0.981558
2017-09-15,1.0956072,0.99934113
2017-09-16,1.0960357,1.0158533
2017-09-17,1.0964643,1.0570135
2017-09-18,1.0968928,1.0677148
2017-09-19,1.0973214,1.0801958
2017-09-20,1.09775,1.1024218
2017-09-21,1.11076,1.1045878
2017-09-22,1.12377,1.0904183
2017-09-23,1.13678,1.0990276
2017-09-24,1.14979,1.1332717
2017-09-25,1.1628,1.1573071
2017-09-26,1.17581,1.2015219
2017-09-27,1.18882,1.2063321
2017-09-28,1.19983,1.3046143
2017-09-29,1.21084,1.2813233
2017-09-30,1.22185,1.3139899
2017-10-01,1.23286,1.2468958
2017-10-02,1.24387,1.3183072
2017-10-03,1.25488,1.2806518
2017-10-04,1.26589,1.3596628
2017-10-05,1.2714472,1.3319547
2017-10-06,1.2770042,1.3187816
2017-10-07,1.2825614,1.3582916
2017-10-08,1.2881186,1.4012797
2017-10-09,1.2936757,1.3968794
2017-10-10,1.2992328,1.3406026
2017-10-11,1.30479,1.3420987
2017-10-12,1.3099271,1.3064938
2017-10-13,1.3150643,1.3234422
2017-10-14,1.3202014,1.3217735
2017-10-15,1.3253386,1.3357658
2017-10-16,1.3304757,1.3499777
2017-10-17,1.3356129,1.399272
2017-10-18,1.34075,1.4218054
2017-10-19,1.3658915,1.5002756
2017-10-20,1.3910328,1.4395788
2017-10-21,1.4161743,1.405761
2017-10-22,1.4413158,1.4281502
2017-10-23,1.4664571,1.4308393
2017-10-24,1.4915986,1.4457943
2017-10-25,1.51674,1.4652877
2017-10-26,1.5494671,1.4510341
2017-10-27,1.5821943,1.4196882
2017-10-28,1.6149215,1.5077672
2017-10-29,1.6476486,1.5101788
2017-10-30,1.6803757,1.4918799
2017-10-31,1.7131028,1.6650715
2017-11-01,1.74583,1.7015309
2017-11-02,1.7660086,1.6154842
2017-11-03,1.7861872,1.5006192
2017-11-04,1.8063657,1.5042257
2017-11-05,1.8265443,1.5411193
2017-11-06,1.8467228,1.5578177
2017-11-07,1.8669014,1.5601988
2017-11-08,1.88708,1.5781479
2017-11-09,1.9116728,1.661499
2017-11-10,1.9362657,1.8133144
2017-11-11,1.9608586,1.7942264
2017-11-12,1.9854515,1.8692675
2017-11-13,2.0100443,1.8603206
2017-11-14,2.0346372,2.0040743
2017-11-15,2.05923,2.0244622
2017-11-16,2.090727,2.1278598
2017-11-17,2.1222243,2.125067
2017-11-18,2.1537213,2.1113985
2017-11-19,2.1852186,2.0608518
2017-11-20,2.2167158,2.1244175
2017-11-21,2.2482128,2.3098507
2017-11-22,2.27971,2.320124
2017-11-23,2.2802927,2.3759885
2017-11-24,2.2808757,2.5322173
2017-11-25,2.2814586,2.4347606
2017-11-26,2.2820413,2.5557497
2017-11-27,2.2826242,2.9069395
2017-11-28,2.2832072,2.99074
2017-11-29,2.28379,3.1848671
2017-11-30,2.3265028,3.1816618
2017-12-01,2.3692157,3.1946337
2017-12-02,2.4119287,3.1495492
2017-12-03,2.4546413,3.2319248
2017-12-04,2.4973543,3.217697
2017-12-05,2.5400672,3.2552772
2017-12-06,2.58278,3.3056762
2017-12-07,2.6946087,3.2060194
2017-12-08,2.8064373,3.0997088
2017-12-09,2.9182658,3.0479715
2017-12-10,3.0300944,3.032152
2017-12-11,3.141923,3.1660302
2017-12-12,3.2537515,3.2733233
2017-12-13,3.36558,3.3059626
2017-12-14,3.5606642,3.378165
2017-12-15,3.7557485,3.4481132
2017-12-16,3.9508328,3.4239628
2017-12-17,4.145917,3.5146914
2017-12-18,4.3410015,3.6839054
2017-12-19,4.5360856,3.7031233
2017-12-20,4.73117,3.8506296
2017-12-21,4.8709216,3.8450477
2017-12-22,5.010673,3.9279642
2017-12-23,5.1504245,3.915048
2017-12-24,5.290176,3.9411585
2017-12-25,5.4299273,4.0160427
2017-12-26,5.569679,4.0100384
2017-12-27,5.70943,3.9872377
2017-12-28,5.714737,4.04461
2017-12-29,5.720044,4.0359693
2017-12-30,5.7253513,4.0361414
2017-12-31,5.7306585,3.9985578
2018-01-01,5.7359657,3.9532187
2018-01-02,5.741273,3.9798708
2018-01-03,5.74658,3.8751173
2018-01-04,5.7673645,3.6813316
2018-01-05,5.7881484,3.6505573
2018-01-06,5.808933,3.6864727
2018-01-07,5.829717,3.6363707
2018-01-08,5.8505015,3.6858032
2018-01-09,5.871286,3.6564963
2018-01-10,5.89207,3.6561668
2018-01-11,5.98143,3.6301703
2018-01-12,6.07079,3.6711671
2018-01-13,6.16015,3.6598547
2018-01-14,6.24951,3.6843596
2018-01-15,6.33887,3.7056239
2018-01-16,6.42823,3.6525533
2018-01-17,6.51759,3.6379244
2018-01-18,6.6098456,3.6844559
2018-01-19,6.702101,3.6577966
2018-01-20,6.7943573,3.689418
2018-01-21,6.886613,3.655612
2018-01-22,6.9788685,3.6328442
2018-01-23,7.071124,3.631303
2018-01-24,7.16338,3.607724
2018-01-25,7.2145157,3.6448667
2018-01-26,7.265651,3.7152097
2018-01-27,7.3167872,3.85058
2018-01-28,7.367923,3.7182553
2018-01-29,7.419059,3.6629589
2018-01-30,7.4701943,3.6390996
2018-01-31,7.52133,3.6461651
2018-02-01,7.5022087,3.6655521
2018-02-02,7.483087,3.6959636
2018-02-03,7.463966,3.6906643
2018-02-04,7.4448442,3.764004
2018-02-05,7.425723,3.742715
2018-02-06,7.4066014,3.5307922
2018-02-07,7.38748,3.5196393
2018-02-08,7.2531085,3.8448486
2018-02-09,7.118737,3.8882053
2018-02-10,6.984366,4.8491726
2018-02-11,6.849994,3.851925
2018-02-12,6.715623,4.6681695
2018-02-13,6.5812516,5.2790723
2018-02-14,6.44688,4.8580923
2018-02-15,6.2342987,5.2745986
2018-02-16,6.021717,5.638069
2018-02-17,5.809136,5.2783637
2018-02-18,5.5965543,5.021504
2018-02-19,5.3839726,4.0487475
2018-02-20,5.1713915,3.593717
2018-02-21,4.95881,2.4885216
2018-02-22,4.776997,2.9388828
2018-02-23,4.5951843,2.6764078
2018-02-24,4.4133716,2.6269782
2018-02-25,4.231559,2.7797694
2018-02-26,4.0497456,2.7752903
2018-02-27,3.8679328,2.847518
2018-02-28,3.68612,2.823361
2018-03-01,3.6147115,2.9989913
2018-03-02,3.5433028,2.929642
2018-03-03,3.4718943,2.896511
2018-03-04,3.4004858,2.950928
2018-03-05,3.3290772,2.9772668
2018-03-06,3.2576685,2.7504642
2018-03-07,3.18626,2.8488417
2018-03-08,3.126643,2.849216
2018-03-09,3.0670257,2.7503915
2018-03-10,3.0074086,2.7109237
2018-03-11,2.9477913,2.7755723
2018-03-12,2.8881743,2.684433
2018-03-13,2.8285573,2.8494842
2018-03-14,2.76894,2.810795
2018-03-15,2.7286713,2.8436449
2018-03-16,2.688403,2.7723258
2018-03-17,2.6481342,2.8306406
2018-03-18,2.6078658,2.8968961
2018-03-19,2.5675972,3.1196086
2018-03-20,2.5273285,2.962025
2018-03-21,2.48706,3.1899784
2018-03-22,2.4757686,3.0719886
2018-03-23,2.464477,3.172885
2018-03-24,2.4531858,2.7713306
2018-03-25,2.4418943,2.565887
2018-03-26,2.4306028,2.6140206
2018-03-27,2.4193115,2.6833022
2018-03-28,2.40802,2.5876653
2018-03-29,2.3604214,2.7267063
2018-03-30,2.3128228,2.6608355
2018-03-31,2.2652242,2.656797
2018-04-01,2.2176256,2.749128
2018-04-02,2.1700273,2.5795026
2018-04-03,2.1224287,2.4560463
2018-04-04,2.07483,2.449443
2018-04-05,2.0325658,2.36933
2018-04-06,1.9903014,2.3656213
2018-04-07,1.9480371,2.2789927
2018-04-08,1.9057728,2.179268
2018-04-09,1.8635086,2.0583253
2018-04-10,1.8212442,1.9971604
2018-04-11,1.77898,2.0134668
2018-04-12,1.7555357,2.0207348
2018-04-13,1.7320914,2.0606165
2018-04-14,1.7086471,2.05133
2018-04-15,1.6852028,2.0419443
2018-04-16,1.6617585,2.024942
2018-04-17,1.6383142,1.8720984
2018-04-18,1.61487,1.9251714
2018-04-19,1.60396,1.9956765
2018-04-20,1.59305,2.0164557
2018-04-21,1.58214,1.9222949
2018-04-22,1.57123,1.9782944
2018-04-23,1.56032,1.9164655
2018-04-24,1.54941,1.8366969
2018-04-25,1.5385,1.6886191
2018-04-26,1.5367315,1.612773
2018-04-27,1.5349629,1.5970521
2018-04-28,1.5331943,1.5038176
2018-04-29,1.5314257,1.4470656
2018-04-30,1.5296571,1.4533596
2018-05-01,1.5278885,1.4262719
2018-05-02,1.52612,1.3974261
2018-05-03,1.49217,1.3580625
2018-05-04,1.45822,1.3611372
2018-05-05,1.42427,1.3651922
2018-05-06,1.39032,1.3630707
2018-05-07,1.35637,1.3491535
2018-05-08,1.32242,1.3310483
2018-05-09,1.28847,1.2868955
2018-05-10,1.2734658,1.2852893
2018-05-11,1.2584615,1.2674348
2018-05-12,1.2434572,1.2506564
2018-05-13,1.2284528,1.2333314
2018-05-14,1.2134485,1.2134721
2018-05-15,1.1984442,1.205019
2018-05-16,1.18344,1.231364
2018-05-17,1.1928328,1.273047
2018-05-18,1.2022257,1.2830961
2018-05-19,1.2116185,1.3348908
2018-05-20,1.2210114,1.3240848
2018-05-21,1.2304043,1.2975092
2018-05-22,1.2397971,1.2935274
2018-05-23,1.24919,1.2989998
2018-05-24,1.2337786,1.3106918
2018-05-25,1.2183671,1.2780237
2018-05-26,1.2029557,1.3095578
2018-05-27,1.1875442,1.3572838
2018-05-28,1.1721328,1.4092536
2018-05-29,1.1567215,1.3687174
2018-05-30,1.14131,1.3105469
2018-05-31,1.11938,1.2242553
2018-06-01,1.09745,1.2591219
2018-06-02,1.07552,1.2302532
2018-06-03,1.05359,1.203815
2018-06-04,1.03166,1.130831
2018-06-05,1.00973,1.1388392
2018-06-06,0.9878,1.1372559
2018-06-07,0.97462356,1.1521006
2018-06-08,0.9614471,1.0931472
2018-06-09,0.94827074,1.0372121
2018-06-10,0.9350943,0.95351803
2018-06-11,0.92191786,0.99211186
2018-06-12,0.9087414,0.9792637
2018-06-13,0.895565,0.9552659
2018-06-14,0.89508486,0.96107453
2018-06-15,0.89460474,0.8716933
2018-06-16,0.89412457,0.86495054
2018-06-17,0.89364445,0.8386401
2018-06-18,0.8931643,0.79384696
2018-06-19,0.89268416,0.768289
2018-06-20,0.892204,0.82786345
2018-06-21,0.8900583,0.8076328
2018-06-22,0.8879126,0.82006586
2018-06-23,0.88576686,0.8473778
2018-06-24,0.88362116,0.89894736
2018-06-25,0.88147545,0.7767637
2018-06-26,0.87932974,0.7830679
2018-06-27,0.877184,0.8045801
2018-06-28,0.8633296,0.79863656
2018-06-29,0.84947515,0.8041054
2018-06-30,0.8356207,0.7737551
2018-07-01,0.82176626,0.762195
2018-07-02,0.8079119,0.7514464
2018-07-03,0.7940574,0.7303908
2018-07-04,0.780203,0.7228402
2018-07-05,0.77232754,0.73914623
2018-07-06,0.76445216,0.8173654
2018-07-07,0.7565767,0.89668804
2018-07-08,0.7487013,0.86005676
2018-07-09,0.74082583,0.94952065
2018-07-10,0.73295045,0.9868612
2018-07-11,0.725075,0.91200256
2018-07-12,0.7189886,0.8588047
2018-07-13,0.7129021,0.8174572
2018-07-14,0.7068157,0.88229233
2018-07-15,0.7007293,0.8537545
2018-07-16,0.69464284,0.8261667
2018-07-17,0.68855643,0.8166519
2018-07-18,0.68247,0.86409986
2018-07-19,0.676459,0.90808666
2018-07-20,0.670448,0.8891162
2018-07-21,0.664437,0.89230466
2018-07-22,0.658426,0.93313867
2018-07-23,0.652415,0.88331676
2018-07-24,0.646404,0.86337376
2018-07-25,0.640393,0.828606
2018-07-26,0.6402121,0.8197285
2018-07-27,0.6400313,0.8606082
2018-07-28,0.63985044,0.92933214
2018-07-29,0.6396696,0.892008
2018-07-30,0.6394887,0.86740124
2018-07-31,0.63930786,0.87454516
2018-08-01,0.639127,0.8801843
2018-08-02,0.6486284,0.8616828
2018-08-03,0.6581299,0.8933704
2018-08-04,0.66763127,0.8584355
2018-08-05,0.6771327,0.8601483
2018-08-06,0.6866341,0.8512196
2018-08-07,0.6961356,0.87604743
2018-08-08,0.705637,0.8875657
2018-08-09,0.70594615,0.8789307
2018-08-10,0.70625526,0.9110706
2018-08-11,0.7065644,0.9368367
2018-08-12,0.7068736,0.9443948
2018-08-13,0.7071827,0.94241977
2018-08-14,0.7074919,0.91791886
2018-08-15,0.707801,0.9077287
2018-08-16,0.7242093,0.9282173
2018-08-17,0.7406176,0.9294095
2018-08-18,0.75702584,0.9481908
2018-08-19,0.77343416,0.94925004
2018-08-20,0.7898424,0.95836693
2018-08-21,0.8062507,0.9464983
2018-08-22,0.822659,0.9634647
2018-08-23,0.827974,0.9724619
